"ລາຍວິຊາຮຽນ 2023-2024","","","","","","","","","","","","",""
"1","115LS101","ລາວສຶກສາ1","2(2-0-4)","BSCBIO","1","1","1","2023-2024","2","2","20","37",""
"2","145PY101","ຈິດຕະວິທະຍາ​ທົ່ວ​ໄປ","2(2-0-4)","BSCBIO","1","1","1","2023-2024","2","2","","",""
"3","205BI111x","ພື້ນຖານຊີວະວິທະຍາ","3(2-2-5)","BSCBIO","1","1","2","2023-2024","3","3","","",""
"4","205CA111","​ແຄລຄູ​ລັດສ໌ 1","3(2-2-5)","BSCBIO","1","1","2","2023-2024","3","3","","",""
"5","205CH111","ເຄມີສາດ 1","3(3-0-6)","BSCBIO","1","1","2","2023-2024","3","3","","",""
"6","205CL111","ທົດລອງເຄມີສາດ 1","1(0-3-1)","BSCBIO","1","1","2","2023-2024","1","1","","",""
"7","205ES101","ພາສາອັງກິດສໍາລັບວິທະຍາສາດ 1","2(0-4-2)","BSCBIO","1","1","1","2023-2024","2","2","","",""
"8","205GP111x","ຟິຊິກສາດທົ່ວໄປ","3(2-2-5)","BSCBIO","1","1","2","2023-2024","3","3","","",""
"9","205PL111","ທົດລອງຟີຊິກສາດ 1","1(0-2-1)","BSCBIO","1","1","2","2023-2024","1","1","","",""
"29","135LS102","ລາວ​ສຶກສາ2","2(2-0-4)","BSCBIO","1","2","1","2023-2024","2","2","17","",""
"30","205CF111","ຄອມພີວເຕີພື້ນຖານ","3(2-2-5)","BSCBIO","1","2","2","2023-2024","3","3","","",""
"31","205EC122x","ນິເວດວິທະຍາ","3(2-2-5)","BSCBIO","1","2","2","2023-2024","3","3","","",""
"32","205ES102","ພາສາອັງກິດສໍາລັບວິທະຍາສາດ2","2(0-4-2)","BSCBIO","1","2","1","2023-2024","2","2","","",""
"33","205FS111","ສະຖິຕິ​ພື້ນຖານ","3(2-2-5)","BSCBIO","1","2","2","2023-2024","3","3","","",""
"34","205OG221","ເຄມີອົງຄະທາດ","3(2-2-5)","BSCBIO","1","2","2","2023-2024","3","3","","",""
"35","205TB112","ເທັກນິກທາງຊີວະວິທະຍາ","1(0-2-1)","BSCBIO","1","2","2","2023-2024","1","1","","",""
"10","205AA211","ເຄມີວິເຄາະ","3(2-2-5)","BSCBIO","2","1","2","2023-2024","3","3","17","34",""
"11","205BC221","ຊີວະເຄມີ 1","3(2-2-5)","BSCBIO","2","1","12","2023-2024","3","3","","",""
"12","205EB221","ພາສາອັງກິດສໍາຫຼັບຊີວະວິທະຍາ 3","2(0-4-2)","BSCBIO","2","1","2","2023-2024","2","2","","",""
"13","205IV221","ສັດບໍ່ມີກະດູກສັນຫຼັງ","3(2-2-5)","BSCBIO","2","1","12","2023-2024","3","3","","",""
"14","205MI221","ຈຸລະຊີບວິທະຍາທົ່ວໄປ        ","3(2-2-5)","BSCBIO","2","1","12","2023-2024","3","3","","",""
"15","205PM221","ສັນຖານວິທະຍາຂອງພືດ","3(2-2-5)","BSCBIO","2","1","2","2023-2024","3","3","","",""
"36","205AP222","ກາຍຍະວິພາກສາດພືດ","3(2-2-5)","BSCBIO","2","2","12","2023-2024","3","3","17","",""
"37","205BC222","ຊີວະເຄມີ 2","3(2-2-5)","BSCBIO","2","2","12","2023-2024","3","3","","",""
"38","205EB222","ພາສາອັງກິດສໍາຫຼັບຊີວະວິທະຍາ 4","2(0-4-2)","BSCBIO","2","2","2","2023-2024","2","2","","",""
"39","205GE222","ກຳມະພັນວິທະຍາ","3(2-2-5)","BSCBIO","2","2","12","2023-2024","3","3","","",""
"40","205ND201","ສຶກສາປ້ອງກັນຕົວ","3(0-2-7)","BSCBIO","2","2","1","2023-2024","3","3","","",""
"41","205VT222","ສັດມີກະດູກສັນຫຼັງ","3(2-2-5)","BSCBIO","2","2","12","2023-2024","3","3","","",""
"16","115P0101","ການເມືອງ","2(2-0-4)","BSCBIO","3","1","1","2023-2024","2","2","17","36",""
"17","205AT321","ຫຼັກອະນຸກົມວິຖານສັດ","3(2-2-5)","BSCBIO","3","1","12","2023-2024","3","3","","",""
"18","205EB311","ພາສາອັງກິດສໍາຫຼັບຊີວະວິທະຍາ 5","2(0-4-2)","BSCBIO","3","1","2","2023-2024","2","2","","",""
"19","205EN321","ແມງໄມ້ວິທະຍາ","3(2-2-5)","BSCBIO","3","1","12","2023-2024","3","3","","",""
"20","205EV321","ວິວັດທະນາການຂອງສິ່ງມີຊີວິດ","2(2-0-4)","BSCBIO","3","1","12","2023-2024","2","2","","",""
"21","205PT321","ອະນຸກົມວິຖານພືດ","3(2-2-5)","BSCBIO","3","1","12","2023-2024","3","3","","",""
"22","205RB231","ວິທີການຄົ້ນຄວ້າ","2(2-0-4)","BSCBIO","3","1","2","2023-2024","2","2","","",""
"42","115HR223","ມະນຸດ​ສຳພັນ","2(2-0-4)","BSCBIO","3","2","1","2023-2024","2","2","19","",""
"43","205AA322","ກາຍຍະວິພາກສາດສັດ","3(2-2-5)","BSCBIO","3","2","12","2023-2024","3","3","","",""
"44","205AP322","ສະລິລະສາດສັດ","3(2-2-5)","BSCBIO","3","2","12","2023-2024","3","3","","",""
"45","205EB312","ພາສາອັງກິດສໍາຫຼັບຊີວະວິທະຍາ 6","2(0-4-2)","BSCBIO","3","2","2","2023-2024","2","2","","",""
"46","205FW322","ຊີວະວິທະຍານ້ຳຈືດ","3(2-2-5)","BSCBIO","3","2","12","2023-2024","3","3","","",""
"47","205PP322","ສະລິລະສາດພືດ","3(2-2-5)","BSCBIO","3","2","12","2023-2024","3","3","","",""
"48","205SB322","ສຳມະນາ","1(0-2-1)","BSCBIO","3","2","12","2023-2024","1","1","","",""
"49","205ST322","ຝຶກງານ","2(0-0-8)","BSCBIO","3","2","12","2023-2024","2","2","","",""
"23","205BC421","ຊີວະນາໆພັນ","3(2-2-5)","BSCBIO","4","1","12","2023-2024","3","3","16","21",""
"24","205EB421","ຄັບພະວິທະຍາ","3(2-2-5)","BSCBIO","4","1","12","2023-2024","3","3","","",""
"25","205EM421","ການຈັດການຊັບພະຍາກອນທໍາມະຊາດ","3(2-2-5)","BSCBIO","4","1","12","2023-2024","3","3","","",""
"26","205FP421x","ໂຄງການຈົບຊັ້ນ","1(0-0-4)","BSCBIO","4","1","12","2023-2024","1","1","","",""
"27","205HP421","ພືດຂັ້ນສູງ","3(2-2-5)","BSCBIO","4","1","12","2023-2024","3","3","","",""
"28","205xxxxx1","ວິຊາເລືອກ","3(1-4-4)","BSCBIO","4","1","13","2023-2024","3","3","","",""
"50","205FP421xx","ໂຄງການຈົບຊັ້ນ","5(0-0-20)","BSCBIO","4","2","12","2023-2024","5","5","5","",""
"51","115LS101","ລາວສຶກສາ1","2(2-0-4)","BSCBIOT","1","1","1","2023-2024","2","2","20","37",""
"52","145PY101","ຈິດຕະວິທະຍາ​ທົ່ວ​ໄປ","2(2-0-4)","BSCBIOT","1","1","1","2023-2024","2","2","","",""
"53","205BI111x","ພື້ນຖານຊີວະວິທະຍາ","3(2-2-5)","BSCBIOT","1","1","2","2023-2024","3","3","","",""
"54","205CA111","​ແຄລຄູ​ລັດສ໌ 1","3(2-2-5)","BSCBIOT","1","1","2","2023-2024","3","3","","",""
"55","205CH111","ເຄມີສາດ 1","3(3-0-6)","BSCBIOT","1","1","2","2023-2024","3","3","","",""
"56","205CL111","ທົດລອງເຄມີສາດ 1","1(0-3-1)","BSCBIOT","1","1","2","2023-2024","1","1","","",""
"57","205ES101","ພາສາອັງກິດສໍາລັບວິທະຍາສາດ 1","2(0-4-2)","BSCBIOT","1","1","1","2023-2024","2","2","","",""
"58","205GP111x","ຟິຊິກສາດທົ່ວໄປ","3(2-2-5)","BSCBIOT","1","1","2","2023-2024","3","3","","",""
"59","205PL111x","ທົດລອງຟີຊິກສາດ 1","1(0-3-1)","BSCBIOT","1","1","2","2023-2024","1","1","","",""
"78","135LS102","ລາວ​ສຶກສາ2","2(2-0-4)","BSCBIOT","1","2","1","2023-2024","2","2","17","",""
"79","205BT122","ພືດສາດ","3(2-2-5)","BSCBIOT","1","2","2","2023-2024","3","3","","",""
"80","205CF111","ຄອມພີວເຕີພື້ນຖານ","3(2-2-5)","BSCBIOT","1","2","2","2023-2024","3","3","","",""
"81","205ES102","ພາສາອັງກິດສໍາລັບວິທະຍາສາດ2","2(0-4-2)","BSCBIOT","1","2","1","2023-2024","2","2","","",""
"82","205FS111","ສະຖິຕິ​ພື້ນຖານ","3(2-2-5)","BSCBIOT","1","2","2","2023-2024","3","3","","",""
"83","205OG221","ເຄມີອົງຄະທາດ","3(2-2-5)","BSCBIOT","1","2","2","2023-2024","3","3","","",""
"84","205TB112","ເທັກນິກທາງຊີວະວິທະຍາ","1(0-2-1)","BSCBIOT","1","2","2","2023-2024","1","1","","",""
"60","205BC221","ຊີວະເຄມີ 1","3(2-2-5)","BSCBIOT","2","1","12","2023-2024","3","3","17","34",""
"61","205EB211","ພາສາອັງກິດສໍາລັບຊີວະວິທະຍາ 3","2(0-4-2)","BSCBIOT","2","1","2","2023-2024","2","2","","",""
"62","205EC122","ນິເວດວິທະຍາ","3(2-2-5)","BSCBIOT","2","1","2","2023-2024","3","3","","",""
"63","205HP221","ຮໍໂມນພືດ","3(2-2-5)","BSCBIOT","2","1","12","2023-2024","3","3","","",""
"64","205MI221","ຈຸລະຊີບວິທະຍາທົ່ວໄປ        ","3(2-2-5)","BSCBIOT","2","1","2","2023-2024","3","3","","",""
"65","231AN211","ເຄມີວິເຄາະ","3(2-3-5)","BSCBIOT","2","1","2","2023-2024","3","3","","",""
"85","015ND201","ສຶກສາປ້ອງກັນຕົວ(ບໍ່ໄດ້ຈ່າຍຄ່າໜ່ວຍກິດ)","3(0-2-7)  ","BSCBIOT","2","2","1","2023-2024","3","3","17","",""
"86","205AM222","ຈຸລະຊີບນຳໃຊ້","3(2-2-5)","BSCBIOT","2","2","12","2023-2024","3","3","","",""
"87","205BC222","ຊີວະເຄມີ 2","3(2-2-5)","BSCBIOT","2","2","12","2023-2024","3","3","","",""
"88","205EB212","ພາສາອັງກິດສໍາລັບຊີວະວິທະຍາ 4","2(0-4-2)","BSCBIOT","2","2","2","2023-2024","2","2","","",""
"89","205FG222","ເຫັດ-ຣາວິທະຍາ","3(2-2-5)","BSCBIOT","2","2","12","2023-2024","3","3","","",""
"90","205PH222","ເຕັກໂນໂລຊີໃນການເກັບຮັກສາຜົນຜະລິດ","3(2-2-5)","BSCBIOT","2","2","12","2023-2024","3","3","","",""
"66","115PO101","ວິຊາການເມືອງ","2(2-0-4)","BSCBIOT","3","1","12","2023-2024","2","2","15","33",""
"67","205EB311","ພາສາອັງກິດສໍາຫຼັບຊີວະວິທະຍາ 5","2(0-4-2)","BSCBIOT","3","1","2","2023-2024","2","2","","",""
"68","205FC321x","ເຄມີອາຫານ","3(2-2-5)","BSCBIOT","3","1","12","2023-2024","3","3","","",""
"69","205RB311","ວິທີການຄົ້ນຄວ້າ","2(2-0-4)","BSCBIOT","3","1","2","2023-2024","2","2","","",""
"70","205TC321","ການເພາະລ້ຽງແພຈຸລັງພືດ","3(2-2-5)","BSCBIOT","3","1","12","2023-2024","3","3","","",""
"71","205TF321","ເຕັກໂນໂລຊີໃນການໝັກ","3(2-2-5)","BSCBIOT","3","1","12","2023-2024","3","3","","",""
"91","115HR223","ມະນຸດ​ສຳພັນ","2(2-0-4)","BSCBIOT","3","2","1","2023-2024","2","2","18","",""
"92","205EB312","ພາສາອັງກິດສໍາຫຼັບຊີວະວິທະຍາ 6","2(0-4-2)","BSCBIOT","3","2","2","2023-2024","2","2","","",""
"93","205EN322","ເອນໄຊມ໌ວິທະຍາ","3(2-2-5)","BSCBIOT","3","2","12","2023-2024","3","3","","",""
"94","205FP322","ການແປຮູບອາຫານ","3(2-2-5)","BSCBIOT","3","2","12","2023-2024","3","3","","",""
"95","205GE222","ກຳມະພັນວິທະຍາ","3(2-2-5)","BSCBIOT","3","2","12","2023-2024","3","3","","",""
"96","205SB322","ສຳມະນາ","1(0-1-1)","BSCBIOT","3","2","12","2023-2024","1","1","","",""
"97","205ST322xxx","ຝຶກງານ","1(0-0-4)","BSCBIOT","3","2","12","2023-2024","1","1","","",""
"98","205TX322","ພິດວິທະຍາ","3(2-2-5)","BSCBIOT","3","2","12","2023-2024","3","3","","",""
"72","205BC421x","ການຄວບຄຸມທາງຊີວະວິທະຍາ","3(2-2-5)","BSCBIOT","4","1","12","2023-2024","3","3","16","21",""
"73","205BS421","ຄວາມປອດໄພທາງດ້ານເຕັກໂນໂລຊີຊີວະພາບ","3(2-2-5)","BSCBIOT","4","1","12","2023-2024","3","3","","",""
"74","205MT421x","ອາຫານ ແລະ ໂພຊະນາການ","3(2-2-5)","BSCBIOT","4","1","12","2023-2024","3","3","","",""
"75","205FP421x","ໂຄງການຈົບຊັ້ນ","1(0-0-4)","BSCBIOT","4","1","8","2023-2024","1","1","","",""
"76","205FN421x","ເຕັກໂນໂລຊີການປູກເຫັດ","3(2-2-5)","BSCBIOT","4","1","12","2023-2024","3","3","","",""
"77","205xxxxx8","ວິຊາເລືອກ","3(1-4-4)","BSCBIOT","4","1","13","2023-2024","3","3","","",""
"99","205FP421xx","ໂຄງການຈົບຊັ້ນ","5(0-0-20)","BSCBIOT","4","2","8","2023-2024","5","5","5","",""
"100","204AD121","ໂຄງສ້າງຂໍ້ມູນ ແລະ ຂັ້ນຕອນວິທີ","3(2-2-5)","BSCCCS","1","1","12","2023-2024","3","3","19","37",""
"101","204DS121","Data Science","3(2-2-5)","BSCCCS","1","1","12","2023-2024","3","3","","",""
"102","204MB111","ການຂຽນໂປຣແກຣມສໍາລັບມືຖື","3(2-2-5)","BSCCCS","1","1","12","2023-2024","3","3","","",""
"103","204MI101","ລະບົບຂ່າວສານເພື່ອການບໍລິຫານ","2(2-0-4)","BSCCCS","1","1","2","2023-2024","2","2","","",""
"104","204OO111","ການພັດທະນາລະບົບດ້ວຍຮູບແບບວັັດຖຸ","3(2-2-5)","BSCCCS","1","1","12","2023-2024","3","3","","",""
"105","204OS111","ລະບົບປະຕິບັດການ","2(2-0-4)","BSCCCS","1","1","2","2023-2024","2","2","","",""
"106","204RE301","ສະຖິຕິວິໄຈ","3(2-2-5)","BSCCCS","1","1","2","2023-2024","3","3","","",""
"114","204CN111","ການສື່ສານຂໍ້ມູນ ແລະ ເຄືອຂ່າຍ","3(2-2-5)","BSCCCS","1","2","2","2023-2024","3","3","18","",""
"115","204DB111","ລະບົບຖານຂໍ້ມູນ","3(2-2-5)","BSCCCS","1","2","12","2023-2024","3","3","","",""
"116","204DD121","Desktop Application Development","3(2-2-5)","BSCCCS","1","2","12","2023-2024","3","3","","",""
"117","204DM121","ການຂຸດຄົົ້ນຂໍ້ມູນ (Data Mining)","3(2-2-5)","BSCCCS","1","2","12","2023-2024","3","3","","",""
"118","204MC101","Mathematics for Computing","3(2-2-5)","BSCCCS","1","2","12","2023-2024","3","3","","",""
"119","204SA121","ການວິເຄາະ ແລະ ອອກແບບລະບົບ","3(2-2-5)","BSCCCS","1","2","12","2023-2024","3","3","","",""
"107","204CR221","ການສ້າງລາຍງານດ້ວຍ Crystal Report","3(2-2-5)","BSCCCS","2","1","12","2023-2024","3","3","17","27",""
"108","204DA221","ການຄຸູ້ມຄອງຖານຂໍ້ມູນ","3(2-2-5)","BSCCCS","2","1","12","2023-2024","3","3","","",""
"109","204RC221","ວິທີການຄົ້ນຄວ້າ","2(2-0-4)","BSCCCS","2","1","12","2023-2024","2","2","","",""
"110","204SC211","ສໍາມະນາ","1(0-2-0)","BSCCCS","2","1","12","2023-2024","1","1","","",""
"111","204SE221","ວິສະວະກໍາຊອບແວ","2(2-0-4)","BSCCCS","2","1","12","2023-2024","2","2","","",""
"112","204WP221","Web Programming","3(2-2-5)","BSCCCS","2","1","12","2023-2024","3","3","","",""
"113","204WS221","Web Server and Technology","3(2-2-5)","BSCCCS","2","1","12","2023-2024","3","3","","",""
"120","204AI211","ປັນຍາປະດິດ","2(2-0-4)","BSCCCS","2","2","12","2023-2024","2","2","10","",""
"121","204CS211","ຄວາມປອດໄພ ແລະ ຈັນຍາບັນການນາໃຊ້ຄອມພິວເຕີ","2(2-0-4)","BSCCCS","2","2","12","2023-2024","2","2","","",""
"122","204FP221","ໂຄງການຈົບຊັ້ນ","4(0-0-20)","BSCCCS","2","2","12","2023-2024","4","4","","",""
"123","204LN231","ການຄ້າດ້ວຍເອເລັກໂທນິກ","2(2-0-4)","BSCCCS","2","2","13","2023-2024","2","2","","",""
"124","115LS101","ລາວສຶກສາ1","2(2-0-4)","BSCCH","1","1","1","2023-2024","2","2","19","39",""
"125","145PY101","ຈິດຕະວິທະຍາ​ທົ່ວ​ໄປ","2(2-0-4)","BSCCH","1","1","1","2023-2024","2","2","","",""
"126","205CA111","​ແຄລຄູ​ລັດສ໌ 1","3(2-2-5)","BSCCH","1","1","2","2023-2024","3","3","","",""
"127","205CH111","ເຄມີສາດ 1","3(3-0-6)","BSCCH","1","1","2","2023-2024","3","3","","",""
"128","205CL111","ທົດລອງເຄມີສາດ 1","1(0-3-1)","BSCCH","1","1","2","2023-2024","1","1","","",""
"129","205ES101","ພາສາອັງກິດສໍາລັບວິທະຍາສາດ 1","2(0-4-2)","BSCCH","1","1","2","2023-2024","2","2","","",""
"130","205PH111","ຟີ​ຊິກ​ສາດ1","3(2-2-5)","BSCCH","1","1","2","2023-2024","3","3","","",""
"131","205PL111","ທົດລອງຟີຊິກສາດ 1","1(0-2-1)","BSCCH","1","1","2","2023-2024","1","1","","",""
"132","205SC111","ຄວາມ​ປອດ​ໄພ​ທາງ​ເຄມີ","2(2-0-4)","BSCCH","1","1","2","2023-2024","2","2","","",""
"159","135LS102","ລາວ​ສຶກສາ2","2(2-0-4)","BSCCH","1","2","1","2023-2024","2","2","20","",""
"160","205CF111","ຄອມພີວເຕີພື້ນຖານ","3(2-2-5)","BSCCH","1","2","2","2023-2024","3","3","","",""
"161","205CH112","​ເຄມີ​ສາດ2","3(3-0-6)","BSCCH","1","2","2","2023-2024","3","3","","",""
"162","205CL112","ທົດ​ລອງ​ເຄມີ​ສາດ2","1(0-2-1)","BSCCH","1","2","2","2023-2024","1","1","","",""
"163","205ES102","ພາສາອັງກິດສໍາລັບວິທະຍາສາດ2","2(0-4-2)","BSCCH","1","2","2","2023-2024","2","2","","",""
"164","205EV221","ເຄມີສິ່ງແວດລ້ອມ","2(2-0-4)","BSCCH","1","2","2","2023-2024","2","2","","",""
"165","205FS111","ສະຖິຕິ​ພື້ນຖານ","3(2-2-5)","BSCCH","1","2","2","2023-2024","3","3","","",""
"166","205PH112","ຟີ​ຊິກ​ສາດ2","3(3-0-6)","BSCCH","1","2","2","2023-2024","3","3","","",""
"167","205PL112","ທົດ​ລອງ​ຟີ​ຊິກ​ສາດ2","1(0-2-1)","BSCCH","1","2","2","2023-2024","1","1","","",""
"133","205EL211","ພາສາອັງກິດສຳລັບເຄມີສາດ 1","2(0-4-2)","BSCCH","2","1","2","2023-2024","2","2","18","38",""
"134","205IE321","ເຄມີອຸດສາຫະກຳແລະສະພາບແວດລ້ອມ","2(2-0-4)","BSCCH","2","1","12","2023-2024","2","2","","",""
"135","205IL211","ທົດ​ລອງ​ເຄມີອະນົງຄະທາດ1","1(0-2-1)","BSCCH","2","1","12","2023-2024","1","1","","",""
"136","205IN211","ເຄມີອະນົງຄະທາດ1","3(3-0-6)","BSCCH","2","1","12","2023-2024","3","3","","",""
"137","205OL221","ທົດລອງເຄມີອົງຄະທາດ 1","1(0-2-1)","BSCCH","2","1","2","2023-2024","1","1","","",""
"138","205OR221x","ເຄມີອົງຄະທາດ 1","3(3-0-6)","BSCCH","2","1","2","2023-2024","3","3","","",""
"139","205PH211","ເຄມີຟິຊິກ 1","3(3-0-6)","BSCCH","2","1","2","2023-2024","3","3","","",""
"140","205PL211","ທົດລອງເຄມີຟິຊິກ 1","1(0-2-1)","BSCCH","2","1","2","2023-2024","1","1","","",""
"141","205SF221","ເຄມີດິນ ແລະ ປຸ໋ຍ","2(2-0-4)","BSCCH","2","1","12","2023-2024","2","2","","",""
"168","015ND201","ສຶກສາປ້ອງກັນຕົວ(ບໍ່ໄດ້ຈ່າຍຄ່າໜ່ວຍກິດ)","3(0-2-7)  ","BSCCH","2","2","1","2023-2024","3","3","20","",""
"169","205BC221","ຊີວະເຄມີ 1","3(2-2-5)","BSCCH","2","2","2","2023-2024","3","3","","",""
"170","205EL212","ພາສາອັງກິດສຳລັບເຄມີສາດ​ 2","2(0-4-2)","BSCCH","2","2","2","2023-2024","2","2","","",""
"171","205IL222","ທົດລອງເຄມີອະນົງຄະທາດ 2","1(0-3-1)","BSCCH","2","2","12","2023-2024","1","1","","",""
"172","205IN222","ເຄ​ມີີອະ​ນົງ​ຄະ​ທາດ 2","3(3-0-6)","BSCCH","2","2","12","2023-2024","3","3","","",""
"173","205OL222","ທົດລອງເຄມີອົງຄະທາດ 2","1(0-3-1)","BSCCH","2","2","12","2023-2024","1","1","","",""
"174","205OR222","ເຄມີອົງຄະທາດ 2","3(3-0-6)","BSCCH","2","2","12","2023-2024","3","3","","",""
"175","205PH222x","ເຄມີຟິຊິກ 2","3(3-0-6)","BSCCH","2","2","12","2023-2024","3","3","","",""
"176","205PL222","ທົດລອງເຄມີຟິຊິກ 2","1(0-3-1)","BSCCH","2","2","12","2023-2024","1","1","","",""
"142","205AL321","ທົດລອງເຄມີວິເຄາະ 1","1(0-2-1)","BSCCH","3","1","12","2023-2024","1","1","17","35",""
"143","205AN321","ເຄມີວິເຄາະ 1","3(3-0-6)","BSCCH","3","1","12","2023-2024","3","3","","",""
"144","205CT321","ໂຄຣມາໂຕກຣາບຟີ","2(2-0-4)","BSCCH","3","1","12","2023-2024","2","2","","",""
"145","205FE321","ເຄມີອາຫານ","2(2-0-4)","BSCCH","3","1","12","2023-2024","2","2","","",""
"146","205PH323","ເຄມີ​ຟີ​ຊິກ 3","2(2-0-4)","BSCCH","3","1","12","2023-2024","2","2","","",""
"147","205RH311","ວິທີການຄົ້ນຄວ້າ","2(2-0-4)","BSCCH","3","1","12","2023-2024","2","2","","",""
"148","205SP321","ສະເປັກໂຕສະໂກປີ","2(2-0-4)","BSCCH","3","1","12","2023-2024","2","2","","",""
"149","205WL321","ທົດ​ລອງ​ວິ​ເຄາະ​ຄຸນ​ນະພາ​ບນໍ້າ","1(0-2-1)","BSCCH","3","1","12","2023-2024","1","1","","",""
"150","205WQ321","ວິ​ເຄາະ​ຄຸນ​ນະພາ​ບນໍ້າ ​","2(2-0-4)","BSCCH","3","1","12","2023-2024","2","2","","",""
"177","115HR303","ມະນຸດສຳພັນ","2(2-0-4)","BSCCH","3","2","1","2023-2024","2","2","18","",""
"178","205AL322","ທົດລອງເຄມີວິເຄາະ 2","1(0-2-1)","BSCCH","3","2","12","2023-2024","1","1","","",""
"179","205AN322","ເຄມີວິເຄາະ 2","3(3-0-6)","BSCCH","3","2","12","2023-2024","3","3","","",""
"180","205EI321","ການ​ປະ​ເມີນ​ຜົນ​ກະ​ທົບຕໍ່​​ສິ່ງ​ແວດ​ລ້​ອມ​","2(2-0-4)","BSCCH","3","2","12","2023-2024","2","2","","",""
"181","205ET321","ພິດວິທະຍາສິ່ງແວດລ້ອມ","2(2-0-4)","BSCCH","3","2","12","2023-2024","2","2","","",""
"182","205IA321","ວິເຄາະໂດຍໃຊ້ເຄື່ອງມື","3(3-0-6)","BSCCH","3","2","12","2023-2024","3","3","","",""
"183","205IL321","ທົດລອງວິເຄາະໂດຍໃຊ້ເຄື່ອງມື","1(0-2-1)","BSCCH","3","2","12","2023-2024","1","1","","",""
"184","205PM321x","ເຄມີໂພລີເມີ","2(2-0-4)","BSCCH","3","2","12","2023-2024","2","2","","",""
"185","205PR321","ເຝິກງານ","1(0-0-3)","BSCCH","3","2","12","2023-2024","1","1","","",""
"186","205SN321","ສໍາມະນາ 1","1(0-2-1)","BSCCH","3","2","12","2023-2024","1","1","","",""
"151","115PO401","ວິຊາການ​ເມືອງ","2(2-0-4)","BSCCH","4","1","1","2023-2024","2","2","15","20",""
"152","205FP421x","ໂຄງການຈົບຊັ້ນ","1(0-0-3)","BSCCH","4","1","12","2023-2024","1","1","","",""
"153","205NP421","ເຄມີຜະລິດຕະພັນທຳມະຊາດ","2(2-0-4)","BSCCH","4","1","12","2023-2024","2","2","","",""
"154","205OS421","ສັງເຄາະອົງຄະທາດ","2(2-0-4)","BSCCH","4","1","12","2023-2024","2","2","","",""
"155","205SA421xx","ການວິເຄາະຂໍ້ມູນດ້ວຍໂປຣແກຣມສຳເລັດຮູບທາງສະຖິຕິ","3(2-2-5)","BSCCH","4","1","12","2023-2024","3","3","","",""
"156","205SN422","ສຳມະນາ 2","1(0-2-1)","BSCCH","4","1","12","2023-2024","1","1","","",""
"157","205xxxx4","ວິຊາເລືອກ","2(2-0-4)","BSCCH","4","1","12","2023-2024","2","2","","",""
"158","205xxxx5","ວິຊາເລືອກ","2(2-0-4)","BSCCH","4","1","12","2023-2024","2","2","","",""
"187","205FP421xx","ໂຄງການຈົບຊັ້ນ","5(0-0-15)","BSCCH","4","2","12","2023-2024","5","5","5","",""
"188","115LS101","ລາວສຶກສາ1","2(2-0-4)","BSCCHEV","1","1","1","2023-2024","2","2","19","39",""
"189","145PY101","ຈິດຕະວິທະຍາ​ທົ່ວ​ໄປ","2(2-0-4)","BSCCHEV","1","1","1","2023-2024","2","2","","",""
"190","205CA111","​ແຄລຄູ​ລັດສ໌ 1","3(2-2-5)","BSCCHEV","1","1","2","2023-2024","3","3","","",""
"191","205CH111","ເຄມີສາດ 1","3(3-0-6)","BSCCHEV","1","1","2","2023-2024","3","3","","",""
"192","205CL111","ທົດລອງເຄມີສາດ 1","1(0-3-1)","BSCCHEV","1","1","2","2023-2024","1","1","","",""
"193","205ES101","ພາສາອັງກິດສໍາລັບວິທະຍາສາດ 1","2(0-4-2)","BSCCHEV","1","1","2","2023-2024","2","2","","",""
"194","205GP111","ຟີຊິກສາດທົ່ວໄປ","3(2-2-5)","BSCCHEV","1","1","2","2023-2024","3","3","","",""
"195","205PL111","ທົດລອງຟີຊິກສາດ 1","1(0-2-1)","BSCCHEV","1","1","2","2023-2024","1","1","","",""
"196","205SC111","ຄວາມ​ປອດ​ໄພ​ທາງ​ເຄມີ","2(2-0-4)","BSCCHEV","1","1","2","2023-2024","2","2","","",""
"224","135LS102","ລາວ​ສຶກສາ2","2(2-0-4)","BSCCHEV","1","2","1","2023-2024","2","2","20","",""
"225","205CF111","ຄອມພີວເຕີພື້ນຖານ","3(2-2-5)","BSCCHEV","1","2","2","2023-2024","3","3","","",""
"226","205CH112","​ເຄມີ​ສາດ2","3(3-0-6)","BSCCHEV","1","2","2","2023-2024","3","3","","",""
"227","205CL112","ທົດ​ລອງ​ເຄມີ​ສາດ2","1(0-2-1)","BSCCHEV","1","2","2","2023-2024","1","1","","",""
"228","205ES102","ພາສາອັງກິດສໍາລັບວິທະຍາສາດ2","2(0-4-2)","BSCCHEV","1","2","2","2023-2024","2","2","","",""
"229","205ES121","ວິທະຍາສາດສິ່ງແວດລ້ອມ","2(2-0-4)","BSCCHEV","1","2","2","2023-2024","2","2","","",""
"230","205FS111","ສະຖິຕິ​ພື້ນຖານ","3(2-2-5)","BSCCHEV","1","2","2","2023-2024","3","3","","",""
"231","205IL211","ທົດ​ລອງ​ເຄມີອະນົງຄະທາດ1","1(0-2-1)","BSCCHEV","1","2","2","2023-2024","1","1","","",""
"232","205IN211","ເຄມີອະນົງຄະທາດ1","3(3-0-6)","BSCCHEV","1","2","2","2023-2024","3","3","","",""
"197","205AL221","ທົດລອງມົນລະພິດທາງອາກາດ","1(0-3-1)","BSCCHEV","2","1","12","2023-2024","1","1","20","40",""
"198","205AP221xx","ມົນລະພິດທາງອາກາດ  ","2(2-0-4)","BSCCHEV","2","1","12","2023-2024","2","2","","",""
"199","205EL211","ພາສາອັງກິດສຳລັບເຄມີສາດ 1","2(0-4-2)","BSCCHEV","2","1","12","2023-2024","2","2","","",""
"200","205EV221","ເຄມີສິ່ງແວດລ້ອມ","2(2-0-4)","BSCCHEV","2","1","12","2023-2024","2","2","","",""
"201","205IN222","ເຄ​ມີີອະ​ນົງ​ຄະ​ທາດ 2","3(3-0-6)","BSCCHEV","2","1","12","2023-2024","3","3","","",""
"202","205OL221","ທົດລອງເຄມີອົງຄະທາດ 1","1(0-3-1)","BSCCHEV","2","1","12","2023-2024","1","1","","",""
"203","205OR221x","ເຄມີອົງຄະທາດ 1","3(3-0-6)","BSCCHEV","2","1","12","2023-2024","3","3","","",""
"204","205PH211","ເຄມີຟິຊິກ 1","3(3-0-6)","BSCCHEV","2","1","1","2023-2024","3","3","","",""
"","205FW221","ຊີວະວິ​ທະ​ຍາ​ນ້ຳ​ຈືດ ","2(2-0-4)","BSCCHEV","2","1","12","2023-2024","2","2","","",""
"205","205PL211","ທົດລອງເຄມີຟິຊິກ 1","1(0-2-1)","BSCCHEV","2","1","1","2023-2024","1","1","","",""
"233","015ND201","ສຶກສາປ້ອງກັນຕົວ(ບໍ່ໄດ້ຈ່າຍຄ່າໜ່ວຍກິດ)","3(0-2-7)  ","BSCCHEV","2","2","1","2023-2024","3","3","20","",""
"234","205AL321","ທົດລອງເຄມີວິເຄາະ 1","1(0-2-1)","BSCCHEV","2","2","12","2023-2024","1","1","","",""
"235","205AN321","ເຄມີວິເຄາະ 1","3(3-0-6)","BSCCHEV","2","2","12","2023-2024","3","3","","",""
"236","205EL212","ພາສາອັງກິດສຳລັບເຄມີສາດ​ 2","2(0-4-2)","BSCCHEV","2","2","12","2023-2024","2","2","","",""
"237","205NP221","ມົນລະພິດທາງສຽງ ແລະ ການສັ່ນສະເທືອນ","2(2-0-4)","BSCCHEV","2","2","12","2023-2024","2","2","","",""
"238","205OR222","ເຄມີອົງຄະທາດ 2","3(3-0-6)","BSCCHEV","2","2","12","2023-2024","3","3","","",""
"239","205SC221","ເຄມີສິ່ງແວດລ້ອມຂອງດິນ","2(2-0-4)","BSCCHEV","2","2","12","2023-2024","2","2","","",""
"240","205SL221","ທົດລອງເຄມີສິ່ງແວດລ້ອມຂອງດິນ","1(0-3-1)","BSCCHEV","2","2","12","2023-2024","1","1","","",""
"241","205WL221","ທົດລອງວິເຄາະຄຸນະພາບນໍ້າ","1(0-3-1)","BSCCHEV","2","2","12","2023-2024","1","1","","",""
"242","205WQ221","ວິເຄາະຄຸນະພາບນໍ້າ  ","2(2-0-4)","BSCCHEV","2","2","12","2023-2024","2","2","","",""
"206","205AE321","ນິເວດວິທະຍາຂອງແຫຼ່ງນໍ້າ","2(2-0-4)","BSCCHEV","3","1","12","2023-2024","2","2","19","37",""
"207","205AL322","ທົດລອງເຄມີວິເຄາະ 2","1(0-3-1)","BSCCHEV","3","1","12","2023-2024","1","1","","",""
"208","205AN322","ເຄມີວິເຄາະ 2","3(3-0-6)","BSCCHEV","3","1","12","2023-2024","3","3","","",""
"209","205CT321","ໂຄຣມາໂຕກຣາບຟີ","2(2-0-4)","BSCCHEV","3","1","12","2023-2024","2","2","","",""
"210","205EL213","ພາສາອັງກິດສຳລັບເຄ​ມີ​ສາດ​ 3","1(0-2-1)","BSCCHEV","3","1","12","2023-2024","1","1","","",""
"211","205EL321","ການຈັດການຄຸນນະພາບສິ່ງແວດລ້ອມແລະກົດໝາຍສິ່ງແວດລ້ອມ","2(2-0-4)","BSCCHEV","3","1","12","2023-2024","2","2","","",""
"212","205RH311","ວິທີການຄົ້ນຄວ້າ","2(2-0-4)","BSCCHEV","3","1","12","2023-2024","2","2","","",""
"213","205SP321","ສະເປັກໂຕສະໂກປີ","2(2-0-4)","BSCCHEV","3","1","12","2023-2024","2","2","","",""
"214","205WM321","ຈຸລະຊີບວິທະຍາຂອງນ້ຳເປື້ອນ","2(2-0-4)","BSCCHEV","3","1","12","2023-2024","2","2","","",""
"215","205WT321x","ການບຳບັດນໍ້າເປື້ອນ","2(2-0-4)","BSCCHEV","3","1","12","2023-2024","2","2","","",""
"243","115HR223","ມະນຸດ​ສຳພັນ","2(2-0-4)","BSCCHEV","3","2","1","2023-2024","2","2","18","",""
"244","205EI321","ການ​ປະ​ເມີນ​ຜົນ​ກະ​ທົບຕໍ່​​ສິ່ງ​ແວດ​ລ້​ອມ​","2(2-0-7)","BSCCHEV","3","2","12","2023-2024","2","2","","",""
"245","205ET321","ພິດວິທະຍາສິ່ງແວດລ້ອມ","2(2-0-4)","BSCCHEV","3","2","12","2023-2024","2","2","","",""
"246","205FW321","ພາກ​ສະໜາມ (Fieldwork)  ","1(0-2-1)","BSCCHEV","3","2","12","2023-2024","1","1","","",""
"247","205IA321","ວິເຄາະໂດຍໃຊ້ເຄື່ອງມື","3(3-0-6)","BSCCHEV","3","2","12","2023-2024","3","3","","",""
"248","205IE321","ເຄມີອຸດສາຫະກຳແລະສະພາບແວດລ້ອມ","2(2-0-4)","BSCCHEV","3","2","12","2023-2024","2","2","","",""
"249","205IL321","ທົດລອງວິເຄາະໂດຍໃຊ້ເຄື່ອງມື","1(0-3-1)","BSCCHEV","3","2","12","2023-2024","1","1","","",""
"250","205PE321","ໂພລີເມີກັບວຽກງານ­ທາງສິ່ງແວດລ້ອມ","2(2-0-4)","BSCCHEV","3","2","12","2023-2024","2","2","","",""
"251","205PR101","ຝຶກງານ ຫຼື ເຮັດບົດໂຄງການນ້ອຍ","1(0-0-5)","BSCCHEV","3","2","12","2023-2024","1","1","","",""
"252","205SN321","ສໍາມະນາ 1","1(0-2-1)","BSCCHEV","3","2","12","2023-2024","1","1","","",""
"253","205SN321x","ສຳມະນາສຳລັບເຄມີສິ່ງແວດລ້ອມ 1","1(0-2-1)","BSCCHEV","3","2","12","2023-2024","1","1","","",""
"216","115PO401","ວິຊາການ​ເມືອງ","2(2-0-4)","BSCCHEV","4","1","1","2023-2024","2","2","15","20",""
"217","205FP421x","ໂຄງການຈົບຊັ້ນ","1(0-0-3)","BSCCHEV","4","1","12","2023-2024","1","1","","",""
"218","205OW421","ການນຳໃຊ້ສິ່ງເສດເຫຼືອອົງຄະທາດ","2(2-0-4)","BSCCHEV","4","1","12","2023-2024","2","2","","",""
"219","205SA421xx","ການວິເຄາະຂໍ້ມູນດ້ວຍໂປຣແກຣມສຳເລັດຮູບທາງສະຖິຕິ","3(2-2-5)","BSCCHEV","4","1","12","2023-2024","3","3","","",""
"220","205SN422","ສຳມະນາ 2","1(0-2-1)","BSCCHEV","4","1","12","2023-2024","1","1","","",""
"221","205WM421","ການຈັດການຂີ້ເຫຍື້ອ ແລະ ສິ່ງເສດເຫຼືອທີ່ເປັນອັນຕະລາຍ...","2(2-0-4)","BSCCHEV","4","1","12","2023-2024","2","2","","",""
"222","205xxxx6","ວິຊາເລືອກ","2(2-0-4)","BSCCHEV","4","1","12","2023-2024","2","2","","",""
"223","205xxxx7","ວິຊາເລືອກ","2(2-0-4)","BSCCHEV","4","1","12","2023-2024","2","2","","",""
"254","205FP421xx","ໂຄງການຈົບຊັ້ນ","5(0-0-15)","BSCCHEV","4","2","12","2023-2024","5","5","5","",""
"255","115LS101","ລາວສຶກສາ1","2(2-0-4)","BSCCPR","1","1","1","2023-2024","2","2","17","36",""
"256","145PY101","ຈິດຕະວິທະຍາ​ທົ່ວ​ໄປ","2(2-0-4)","BSCCPR","1","1","1","2023-2024","2","2","","",""
"257","205CF111","ຄອມພີວເຕີພື້ນຖານ","3(2-2-5)","BSCCPR","1","1","2","2023-2024","3","3","","",""
"258","205CP111","ການ​ຂຽນ​ໂປຣ​ແກຣມດ້ວຍ​ພາສາ C","3(2-2-5)","BSCCPR","1","1","2","2023-2024","3","3","","",""
"259","205CS111x","ລະບົບ​ຄອມ​ພິວ​ເຕີ","2(2-0-4)","BSCCPR","1","1","2","2023-2024","2","2","","",""
"260","205DB111","ຄວາມ​ຮູ້​ພື້ນຖານ​ກ່ຽວ​ກັບ​ຖານ​ຂໍ້​ມູນ(MS Access)","3(2-2-5)","BSCCPR","1","1","2","2023-2024","3","3","","",""
"261","205ES101","ພາສາອັງກິດສໍາລັບວິທະຍາສາດ 1","2(0-4-2)","BSCCPR","1","1","1","2023-2024","2","2","","",""
"283","135LS102","ລາວ​ສຶກສາ2","2(2-0-4)","BSCCPR","1","2","1","2023-2024","2","2","19","",""
"284","205CN121","ການສື່ສານຂໍ້ມູນ ແລະ ເຄືອຂ່າຍ","3(2-2-5)","BSCCPR","1","2","2","2023-2024","3","3","","",""
"285","205DB112x","ລະບົບຖານຂໍ້ມູນແບບໂຄງສ້າງ","3(2-2-5)","BSCCPR","1","2","2","2023-2024","3","3","","",""
"286","205ES102","ພາສາອັງກິດສໍາລັບວິທະຍາສາດ2","2(0-4-2)","BSCCPR","1","2","1","2023-2024","2","2","","",""
"287","205FS111","ສະຖິຕິ​ພື້ນຖານ","3(2-2-5)","BSCCPR","1","2","2","2023-2024","3","3","","",""
"288","205JA121","​ພາສາໂປຣ​ແກຣມ1(Java1)","3(2-2-5)","BSCCPR","1","2","2","2023-2024","3","3","","",""
"289","205MC111","ຄະນິດສາດ​ສໍາລັບ​ຄອມ​ພິວ​ເຕີ1","3(2-2-5)","BSCCPR","1","2","2","2023-2024","3","3","","",""
"262","205AD221xx","​ໂຄງ​ສ້າງ​ຂໍ້​ມູນ ​ແລະ ຂັ້ນ​ຕອນ​ວິທີ","3(2-2-5)","BSCCPR","2","1","2","2023-2024","3","3","16","38",""
"263","205LN221","ພື້ນຖານການບໍລິຫານເຄື່ອງແມ່ຂ່າຍດ້ວຍ Linux","3(2-2-5)","BSCCPR","2","1","2","2023-2024","3","3","","",""
"264","205SH221","ການຂຽນໂປຣແກຣມດ້ວຍພາສາ C# 1","3(2-2-5)","BSCCPR","2","1","2","2023-2024","3","3","","",""
"265","205EC203x","ພາສາ​ອັງກິດ​ສໍາລັບ​ຄອມ​ພິວ​ເຕີ1","1(0-2-1)","BSCCPR","2","1","2","2023-2024","1","1","","",""
"266","205UX211","ການອ​ອກ​ແບບ UX-UI","3(2-2-5)","BSCCPR","2","1","2","2023-2024","3","3","","",""
"267","205JA222","ພາສາໂປຣ​ແກຣມ2(Java2)","3(2-2-5)","BSCCPR","2","1","2","2023-2024","3","3","","",""
"290","205WS211","ພື້ນຖານການບໍລິຫານເຄື່ອງແມ່ຂ່າຍດ້ວຍ Window","3(2-2-5)","BSCCPR","2","2","2","2023-2024","3","3","22","",""
"291","205EC102","ພາສາ​ອັງກິດ​ສໍາລັບ​ຄອມ​ພິວ​ເຕີ2","1(0-2-1)","BSCCPR","2","2","2","2023-2024","1","1","","",""
"292","205IM221","ການປະມວນຜົນຮູບພາບ","3(2-2-5)","BSCCPR","2","2","2","2023-2024","3","3","","",""
"293","205SH322x","ການຂຽນໂປຣແກຣມດ້ວຍພາສາ C# 2","3(2-2-5)","BSCCPR","2","2","2","2023-2024","3","3","","",""
"294","205MO211","MOS","3(2-2-5)","BSCCPR","2","2","2","2023-2024","3","3","","",""
"295","205ND201","ສຶກສາປ້ອງກັນຕົວ","3(0-6-1)","BSCCPR","2","2","1","2023-2024","3","3","","",""
"296","205OD221xxx","ການວິເຄາະ ແລະ ອອກແບບລັກສະນະວັດຖຸ","3(2-2-5)","BSCCPR","2","2","2","2023-2024","3","3","","",""
"297","205AD222x","​ໂຄງ​ສ້າງ​ຂໍ້​ມູນ ​ແລະ ຂັ້ນ​ຕອນ​ວິທີ2","3(2-2-5)","BSCCPR","2","2","2","2023-2024","3","3","","",""
"268","205DM221","ດາຕາ ມາຍນິ່ງ (Data Mining)","3(2-2-5)","BSCCPR","3","1","12","2023-2024","3","3","20","39",""
"269","205LN321","ພື້ນຖານການບໍລິຫານເຄື່ອງແມ່ຂ່າຍດ້ວຍ Linux","3(2-2-5)","BSCCPR","3","1","12","2023-2024","3","3","","",""
"270","205OS311","ລະບົບ​ປະຕິບັດ​ການ","3(2-2-5)","BSCCPR","3","1","12","2023-2024","3","3","","",""
"271","205RM311x","ວິທີ​ການ​ຄົ້ນ​ຄ້ວາ","2(2-0-4)","BSCCPR","3","1","12","2023-2024","2","2","","",""
"272","205SH321","ການຂຽນໂປຣແກຣມດ້ວຍພາສາ C# 1","3(2-2-5)","BSCCPR","3","1","12","2023-2024","3","3","","",""
"273","205VB322","ການຂຽນໂປຣແກຣມດ້ວຍ VB.NET 2","3(2-2-5)","BSCCPR","3","1","12","2023-2024","3","3","","",""
"274","205WT321","ເວບເຊີເວີ ແລະ ເວບເທັກໂນໂລຢີ","3(2-2-5)","BSCCPR","3","1","12","2023-2024","3","3","","",""
"298","205AP331","CompTIA A+","3(2-2-5)","BSCCPR","3","2","12","2023-2024","3","3","19","",""
"299","205SA321","ການວິເຄາະ ແລະ ອອກແບບລະບົບ(ສໍາລັບໂປແກມ)","4(3-2-7)","BSCCPR","3","2","12","2023-2024","4","4","","",""
"300","205SC321","ສຳມະນາ 1","1(0-2-1)","BSCCPR","3","2","12","2023-2024","1","1","","",""
"301","205SE311","ວິສະວະກຳຊັອບແວ (Process and Tools)","3(2-2-5)","BSCCPR","3","2","12","2023-2024","3","3","","",""
"302","205SH322","ການຂຽນໂປຣແກຣມດ້ວຍພາສາ C# 2","3(2-2-5)","BSCCPR","3","2","12","2023-2024","3","3","","",""
"303","205WS311","ການບໍລິຫານເຄື່ອງແມ່ຂ່າຍ ດ້ວຍ Windows","3(2-2-5)","BSCCPR","3","2","12","2023-2024","3","3","","",""
"304","S20HR223","ມະນຸດ​ສໍາພັນ","2(2-0-0)","BSCCPR","3","2","1","2023-2024","2","2","","",""
"275","251AI411","ປັນຍາປະດິດ","3(3-0-0)","BSCCPR","4","1","12","2023-2024","3","3","21","30",""
"276","251DI321","ສະຖາປັດຕະຍະກໍາຊອບແວ","3(2-2-0)","BSCCPR","4","1","12","2023-2024","3","3","","",""
"277","251MI221","ລະບົບຂ່າວສານເພື່ອການບໍລິຫານ","3(3-0-0)","BSCCPR","4","1","12","2023-2024","3","3","","",""
"278","251SM422","ສໍາມະນາ2","1(0-2-1)","BSCCPR","4","1","12","2023-2024","1","1","","",""
"279","252LS421","ບໍ່ລິຫານເຄື່ອງແມ່ຂ່າຍດ້ວຍ Linux","3(2-2-5)","BSCCPR","4","1","12","2023-2024","3","3","","",""
"280","252PM421","ການບໍລິຫານໂຄງການ","3(3-0-0)","BSCCPR","4","1","12","2023-2024","3","3","","",""
"281","710GE328","ບໍລິຫານການສຶກສາ","3(3-0-0)","BSCCPR","4","1","13","2023-2024","3","3","","",""
"282","S00PO101","ການເມືອງ","2(2-0-4)","BSCCPR","4","1","1","2023-2024","2","2","","",""
"305","252IP431","ເຝິກງານ","3(0-0-15)","BSCCPR","4","2","12","2023-2024","3","3","9","",""
"306","252PJ431","ໂຄງການຈົບຊັ້ນ/ສອບເສັງ","6(0-0-30)","BSCCPR","4","2","12","2023-2024","6","6","","",""
"307","115LS101","ລາວສຶກສາ1","2(2-0-4)","BSCCS","1","1","1","2023-2024","2","2","19","37",""
"308","145PY101","ຈິດຕະວິທະຍາ​ທົ່ວ​ໄປ","2(2-0-4)","BSCCS","1","1","1","2023-2024","2","2","","",""
"309","205BC121","ການນໍາໃຊ້ຊອບແວພື້້ນຖານ","2(0-4-2)","BSCCS","1","1","2","2023-2024","2","2","","",""
"310","205CP111","ການ​ຂຽນ​ໂປຣ​ແກຣມດ້ວຍ​ພາສາ C","3(2-2-5)","BSCCS","1","1","2","2023-2024","3","3","","",""
"311","205CS121","ລະບົບຄອມພິວເຕີ","2(2-0-4)","BSCCS","1","1","2","2023-2024","2","2","","",""
"312","205DB111","ຄວາມ​ຮູ້​ພື້ນຖານ​ກ່ຽວ​ກັບ​ຖານ​ຂໍ້​ມູນ(MS Access)","3(2-2-5)","BSCCS","1","1","2","2023-2024","3","3","","",""
"313","205ES101","ພາສາອັງກິດສໍາລັບວິທະຍາສາດ 1","2(0-4-2)","BSCCS","1","1","1","2023-2024","2","2","","",""
"314","205MC111","ຄະນິດສາດ​ສໍາລັບ​ຄອມ​ພິວ​ເຕີ1","3(2-2-5)","BSCCS","1","1","2","2023-2024","3","3","","",""
"337","135LS102","ລາວ​ສຶກສາ2","2(2-0-4)","BSCCS","1","2","1","2023-2024","2","2","18","",""
"338","205CA111","​ແຄລຄູ​ລັດສ໌ 1","3(2-2-5)","BSCCS","1","2","2","2023-2024","3","3","","",""
"339","205DB122","ລະບົບຖານຂໍ້ມູນ(Database Systems)","3(2-2-5)","BSCCS","1","2","2","2023-2024","3","3","","",""
"340","205ES102","ພາສາອັງກິດສໍາລັບວິທະຍາສາດ2","2(0-4-2)","BSCCS","1","2","1","2023-2024","2","2","","",""
"341","205FS111","ສະຖິຕິ​ພື້ນຖານ","3(2-2-5)","BSCCS","1","2","2","2023-2024","3","3","","",""
"342","205OS121","ລະບົບປະຕິບັດການ","2(2-0-4)","BSCCS","1","2","2","2023-2024","2","2","","",""
"343","205PY121","ການຂຽນໂປຣແກຣມພາສາ Python ສໍາລັບ Data Science","3(2-2-5)","BSCCS","1","2","2","2023-2024","3","3","","",""
"315","205AD221","ໂຄງ​ສ້າງ​ຂໍ້​ມູນ ແລະ ຂັ້ນ​ຕອນ​ວິທີ","3(2-2-5)","BSCCS","2","1","2","2023-2024","3","3","18","38",""
"316","205CA112","ແຄນ​ຄູ​ລັດ​ສ໌ 2","3(2-2-5)","BSCCS","2","1","2","2023-2024","3","3","","",""
"317","205DS221","ດາຕາຊາຍ(Data Science)","3(2-2-5)","BSCCS","2","1","12","2023-2024","3","3","","",""
"318","205EC201","ພາສາ​ອັງກິດ​ສຳລັບ​ຄອມ​ພິວ​ເຕີ 1","1(0-2-1)","BSCCS","2","1","2","2023-2024","1","1","","",""
"319","205MC212","ຄະນິດສາດ​ສຳລັບ​ຄອມ​ພິວ​ເຕີ 2","3(2-2-5)","BSCCS","2","1","2","2023-2024","3","3","","",""
"320","205MI211","ລະບົບ​ຂ່າວສານ​ເພື່ອ​ການ​ບໍລິຫານ(MIS)","2(2-0-4)","BSCCS","2","1","2","2023-2024","2","2","","",""
"321","205RL221","ການຂຽນໂປຣແກຣມພາສາ R ສໍາລັບ Data Science","3(2-2-5)","BSCCS","2","1","12","2023-2024","3","3","","",""
"344","015ND201","ສຶກສາປ້ອງກັນຕົວ(ບໍ່ໄດ້ຈ່າຍຄ່າໜ່ວຍກິດ)","3(0-2-7)  ","BSCCS","2","2","1","2023-2024","3","3","20","",""
"345","115HR223","ມະນຸດ​ສຳພັນ","2(2-0-4)","BSCCS","2","2","1","2023-2024","2","2","","",""
"346","205AD222","ໂຄງ​ສ້າງ​ຂໍ້​ມູນ ແລະ ຂັ້ນ​ຕອນ​ວິທີ 2","3(2-2-5)","BSCCS","2","2","12","2023-2024","3","3","","",""
"347","205DM221","ດາຕາ ມາຍນິ່ງ (Data Mining)","3(2-2-5)","BSCCS","2","2","12","2023-2024","3","3","","",""
"348","205DP221","Database Programming","3(2-2-5)","BSCCS","2","2","12","2023-2024","3","3","","",""
"349","205OD221xx","ການ​ວິເຄາະ ແລະ ອອກ​ແບບ​ລະບົບ(ແບບວັດຖຸ)","3(2-2-5)","BSCCS","2","2","12","2023-2024","3","3","","",""
"350","205SR211","ສະຖິຕິ​ເພື່ອ​ງານ​ວິ​ໄຈ","3(2-2-5)","BSCCS","2","2","2","2023-2024","3","3","","",""
"322","205AI321","ປັນຍາປະດິດ (Artificial Intelligence)","3(2-0-7)","BSCCS","3","1","12","2023-2024","3","3","18","36",""
"323","205CN321","ການ​ສື່ສານ​ຂໍ້​ມູນ ​ແລະ ​ເຄືອ​ຂ່າຍ","3(2-2-5)","BSCCS","3","1","12","2023-2024","3","3","","",""
"324","205CV321","Computer Vision: ປະມວນຜົນຮູບພາບ (Digital Image Pro...","3(2-2-5)","BSCCS","3","1","12","2023-2024","3","3","","",""
"325","205EC301","ພາສາອັງກິດສຳລັບຄອມພິວເຕີ 2","1(0-2-1)","BSCCS","3","1","2","2023-2024","1","1","","",""
"326","205ET211","ໄຟຟ້າສໍາລັບຄອມພິວເຕີ (Electricity 1)","3(2-2-5)","BSCCS","3","1","12","2023-2024","3","3","","",""
"327","205IR221","ການສືບຄົ້ນຂໍ້ມູນຂ່າວສານ (Information Retrieval)","2(2-0-4)","BSCCS","3","1","12","2023-2024","2","2","","",""
"328","205RM321x","ວິທີການຄົຶ້ນຄວ້າ (ວິທະຍາສາດຄອມພິວເຕີ)","3(2-2-5)","BSCCS","3","1","12","2023-2024","3","3","","",""
"351","205AP321","ການບໍາລຸງຮັກສາ ແລະ ແກ້ໄຂບັນຫາຄອມພິວເຕີ (CompTIA A+...","3(2-2-5)","BSCCS","3","2","12","2023-2024","3","3","18","",""
"352","205BT321","Introduction to Blockchain Technology","2(2-0-4)","BSCCS","3","2","12","2023-2024","2","2","","",""
"353","205CG321","ຄອມພິວເຕີກຣາບຟິກ","3(2-2-5)","BSCCS","3","2","12","2023-2024","3","3","","",""
"354","205ML321","ມາຊີນເລີນນິ່ງ (Machine Learning)","2(2-0-4)","BSCCS","3","2","12","2023-2024","2","2","","",""
"355","205SE321","ວິສະວະກຳຊັອບແວ","2(2-0-4)","BSCCS","3","2","12","2023-2024","2","2","","",""
"356","205SF321","Computer Security and Forensics","2(2-0-4)","BSCCS","3","2","12","2023-2024","2","2","","",""
"357","205SM311","ສຳມະນາ 1","1(0-2-1)","BSCCS","3","2","12","2023-2024","1","1","","",""
"358","205WS311","ການບໍລິຫານເຄື່ອງແມ່ຂ່າຍ","3(2-2-5)","BSCCS","3","2","12","2023-2024","3","3","","",""
"329","115PO401","ວິຊາການ​ເມືອງ","2(2-0-4)","BSCCS","4","1","1","2023-2024","2","2","17","26",""
"330","205BD421","ບິກດາຕາ (Introduction to Big Data)","2(2-0-4)","BSCCS","4","1","12","2023-2024","2","2","","",""
"331","205CC421","Intoduction to Cloud Computing","2(2-0-4)","BSCCS","4","1","12","2023-2024","2","2","","",""
"332","205EC401","ພາສາອັງກິດສໍາລັບຄອມພິວເຕີ3","1(0-2-1)","BSCCS","4","1","12","2023-2024","1","1","","",""
"333","205EM321","ການຄ້າດ້ວຍເອເລັກໂຕຣນິກ(E-Commerce)","3(2-2-5)","BSCCS","4","1","12","2023-2024","3","3","","",""
"334","205HM421","Hybrid Mobile App","3(2-2-5)","BSCCS","4","1","12","2023-2024","3","3","","",""
"335","205IO421","Introduction to the Internet of Things (IOT)","3(2-0-7)","BSCCS","4","1","12","2023-2024","3","3","","",""
"336","205SM412","ສໍາມະນາ2","1(0-2-1)","BSCCS","4","1","12","2023-2024","1","1","","",""
"359","205FP411","ໂຄງການຈົບຊັ້ນ/ສອບເສັງ","6(0-0-18)","BSCCS","4","2","12","2023-2024","6","6","9","",""
"360","205IP411","ລົງເຝິກງານ/ບົດໂຄງການນ້ອຍ","3(0-0-9)","BSCCS","4","2","12","2023-2024","3","3","","",""
"361","115LS101","ລາວສຶກສາ1","2(2-0-4)","BSCCW","1","1","1","2023-2024","2","2","19","38",""
"362","145PY101","ຈິດຕະວິທະຍາ​ທົ່ວ​ໄປ","2(2-0-4)","BSCCW","1","1","1","2023-2024","2","2","","",""
"363","205BC121","ການນໍາໃຊ້ຊອບແວພື້້ນຖານ","2(0-4-2)","BSCCW","1","1","2","2023-2024","2","2","","",""
"364","205CS121","ລະບົບຄອມພິວເຕີ","2(2-0-4)","BSCCW","1","1","2","2023-2024","2","2","","",""
"365","205DB121","ຄວາມ​ຮູ້​ພື້ນຖານ​ກ່ຽວ​ກັບ​​ຖານ​ຂໍ້​ມູນ (Ms Access)","3(2-2-5)","BSCCW","1","1","2","2023-2024","3","3","","",""
"366","205ES101","ພາສາອັງກິດສໍາລັບວິທະຍາສາດ 1","2(0-4-2)","BSCCW","1","1","1","2023-2024","2","2","","",""
"367","205JA121","​ພາສາໂປຣ​ແກຣມ1(Java1)","3(2-2-5)","BSCCW","1","1","2","2023-2024","3","3","","",""
"368","205MC111","ຄະນິດສາດ​ສໍາລັບ​ຄອມ​ພິວ​ເຕີ1","3(2-2-5)","BSCCW","1","1","2","2023-2024","3","3","","",""
"392","135LS102","ລາວ​ສຶກສາ2","2(2-0-4)","BSCCW","1","2","1","2023-2024","2","2","19","",""
"393","205CN321","ການ​ສື່ສານ​ຂໍ້​ມູນ ​ແລະ ​ເຄືອ​ຂ່າຍ","3(2-2-5)","BSCCW","1","2","2","2023-2024","3","3","","",""
"394","205DS122","ລະບົບຖານ​ຂໍ້​ມູນ (Database Systems)","3(2-2-5)","BSCCW","1","2","2","2023-2024","3","3","","",""
"395","205ES102","ພາສາອັງກິດສໍາລັບວິທະຍາສາດ2","2(0-4-2)","BSCCW","1","2","1","2023-2024","2","2","","",""
"396","205MC212","ຄະນິດສາດ​ສຳລັບ​ຄອມ​ພິວ​ເຕີ 2","3(2-2-5)","BSCCW","1","2","2","2023-2024","3","3","","",""
"397","205WM121","ການອອກແບບເວັບໄຊ","3(2-2-5)","BSCCW","1","2","2","2023-2024","3","3","","",""
"398","205WP122","ພື້ນຖານເວບໂປຣແກຣມມິງ","3(2-2-5)","BSCCW","1","2","2","2023-2024","3","3","","",""
"369","205CG221","ຄອມພິວເຕີກຣາຟິກ","3(2-2-5)","BSCCW","2","1","2","2023-2024","3","3","20","",""
"370","205DA221","ໂຄງສ້າງຂອງຂໍ້ມູນ ແລະ ຂັ້ນຕອນວິທີ ສໍາລັບການພັດທະນາເ...","3(2-2-5)","BSCCW","2","1","2","2023-2024","3","3","","",""
"371","205EC201","ພາສາ​ອັງກິດ​ສຳລັບ​ຄອມ​ພິວ​ເຕີ 1","1(0-2-1)","BSCCW","2","1","2","2023-2024","1","1","","",""
"372","205IT221","​ເຕັກ​ໂນ​ໂລ​ຊີ​ຂ່າ​ວສານ","2(2-0-4)","BSCCW","2","1","2","2023-2024","2","2","","",""
"373","205JS221","​ການພັດທະນາເວບໄຊດ້ວຍພາສາ JSP1","3(2-2-5)","BSCCW","2","1","12","2023-2024","3","3","","",""
"374","205MB211","ການ​ຂຽນ​ໂປຣ​ແກຣມ​ເທິງ​ມື​ຖື 1","3(2-2-5)","BSCCW","2","1","12","2023-2024","3","3","","",""
"375","205OS211","ລະບົບປະ​ຕິ​ບັດ​ການ","2(2-0-4)","BSCCW","2","1","2","2023-2024","2","2","","",""
"376","205PH221","ການພັດທະນາເວບໄຊດ້ວຍພາສາ PHP1","3(2-2-5)","BSCCW","2","1","12","2023-2024","3","3","","40",""
"399","015ND201","ສຶກສາປ້ອງກັນຕົວ(ບໍ່ໄດ້ຈ່າຍຄ່າໜ່ວຍກິດ)","3(0-2-7)  ","BSCCW","2","2","1","2023-2024","3","3","20","",""
"400","205AP221","ການບໍາລຸງຮັກສາ ແລະ ແກ້ໄຂບັນຫາຄອມພິວເຕີ (CompTAI A+...","3(2-2-5)","BSCCW","2","2","2","2023-2024","3","3","","",""
"401","205DA222","ໂຄງສ້າງຂອງຂໍ້ມູນ ແລະ ຂັ້ນຕອນວິທີ ສໍາລັບການພັດທະນາເ...","3(2-2-5)","BSCCW","2","2","2","2023-2024","3","3","","",""
"402","205HM221","Hybrid Mobile App","3(2-2-5)","BSCCW","2","2","12","2023-2024","3","3","","",""
"403","205MI211","ລະບົບ​ຂ່າວສານ​ເພື່ອ​ການ​ບໍລິຫານ(MIS)","2(2-0-4)","BSCCW","2","2","2","2023-2024","2","2","","",""
"404","205SR211","ສະຖິຕິ​ເພື່ອ​ງານ​ວິ​ໄຈ","3(2-2-5)","BSCCW","2","2","2","2023-2024","3","3","","",""
"405","205WP222","ການພັດທະນາເວບໄຊດ້ວຍພາສາ JSP2+framework","3(2-2-5)","BSCCW","2","2","12","2023-2024","3","3","","",""
"377","205AS321","ການສ້າງເວບດ້ວຍ ASP.net 1","3(2-2-5)","BSCCW","3","1","12","2023-2024","3","3","19","",""
"378","205EC301","ພາສາອັງກິດສຳລັບຄອມພິວເຕີ 2","1(0-2-1)","BSCCW","3","1","12","2023-2024","1","1","","",""
"379","205EM321","ການຄ້າດ້ວຍເອເລັກໂຕຣນິກ(E-Commerce)","3(2-2-5)","BSCCW","3","1","12","2023-2024","3","3","","",""
"380","205PH322","ການພັດທະນາເວບໄຊດ້ວຍພາສາ PHP2 + Framework","3(2-2-5)","BSCCW","3","1","12","2023-2024","3","3","","",""
"381","205RM311xx","ວິທີການຄົ້ນຄ້ວາ","3(2-2-5)","BSCCW","3","1","12","2023-2024","3","3","","",""
"382","205SA311","ການບໍລິຫານເຄື່ອງແມ່ຂ່າຍ","3(2-2-5)","BSCCW","3","1","12","2023-2024","3","3","","",""
"383","205WT321","ເວບເຊີເວີ ແລະ ເວບເທັກໂນໂລຢີ","3(2-2-5)","BSCCW","3","1","12","2023-2024","3","3","","",""
"406","115HR223","ມະນຸດ​ສຳພັນ","2(2-0-4)","BSCCW","3","2","1","2023-2024","2","2","19","38",""
"407","205AS322","ການພັດທະນາເວບໄຊດ້ວຍພາສາ ASP.net2+framework","3(2-2-5)","BSCCW","3","2","12","2023-2024","3","3","","",""
"408","205IO421","Introduction to the Internet of Things (IOT)","3(2-0-7)","BSCCW","3","2","12","2023-2024","3","3","","",""
"409","205MB312","ການຂຽນໂປຣແກຣມເທິງມືຖື 2","3(2-2-5)","BSCCW","3","2","12","2023-2024","3","3","","",""
"410","205ML321","ມາຊີນເລີນນິ່ງ (Machine Learning)","2(2-0-4)","BSCCW","3","2","12","2023-2024","2","2","","",""
"411","205SC321","ສຳມະນາ 1","1(0-2-1)","BSCCW","3","2","12","2023-2024","1","1","","",""
"412","205SE311x","ວິສະວະກຳຊັອບແວ (Process and Tools)","2(2-0-4)","BSCCW","3","2","12","2023-2024","2","2","","",""
"413","205WS321","ຄວາມປອດໄພຂອງເວບໄຊ","3(2-2-5)","BSCCW","3","2","12","2023-2024","3","3","","",""
"384","115PO401","ວິຊາການ​ເມືອງ","2(2-0-4)","BSCCW","4","1","1","2023-2024","2","2","19","",""
"385","205AI411","ປັນຍາປະດິດ","3(2-0-7)","BSCCW","4","1","12","2023-2024","3","3","","",""
"386","205AS411","MOS","3(2-2-5)","BSCCW","4","1","12","2023-2024","3","3","","",""
"387","205DM421","Data Mining","3(2-2-5)","BSCCW","4","1","12","2023-2024","3","3","","",""
"388","205EC401","ພາສາອັງກິດສໍາລັບຄອມພິວເຕີ3","1(0-2-1)","BSCCW","4","1","12","2023-2024","1","1","","",""
"389","205SA421","ການວິເຄາະ ແລະ ການອອກແບບລະບົບ","3(2-2-5)","BSCCW","4","1","12","2023-2024","3","3","","",""
"390","205SC412","ສໍາມະນາ2","1(0-2-1)","BSCCW","4","1","12","2023-2024","1","1","","",""
"391","205SI421x","ຍຸດທະສາດໃນການວາງແຜນລະບົບຂ່າວສານ","3(3-0-6)","BSCCW","4","1","12","2023-2024","3","3","","28",""
"414","205FP411","ໂຄງການຈົບຊັ້ນ/ສອບເສັງ","6(0-0-18)","BSCCW","4","2","12","2023-2024","6","6","9","",""
"415","205IP411","ລົງເຝິກງານ/ບົດໂຄງການນ້ອຍ","3(0-0-9)","BSCCW","4","2","12","2023-2024","3","3","","",""
"416","115LS101","ລາວສຶກສາ1","2(2-0-4)","BSCMA","1","1","1","2023-2024","2","2","18","",""
"417","145PY101","ຈິດຕະວິທະຍາ​ທົ່ວ​ໄປ","2(2-0-4)","BSCMA","1","1","1","2023-2024","2","2","","",""
"418","205CA111","​ແຄລຄູ​ລັດສ໌ 1","3(2-2-5)","BSCMA","1","1","2","2023-2024","3","3","","",""
"419","205CF111","ຄອມພີວເຕີພື້ນຖານ","3(2-2-5)","BSCMA","1","1","2","2023-2024","3","3","","",""
"420","205DM111","ຄະນິດສາດເຕັມໜ່ວຍ 1","3(2-2-5)","BSCMA","1","1","2","2023-2024","3","3","","",""
"421","205ES101","ພາສາອັງກິດສໍາລັບວິທະຍາສາດ 1","2(0-4-2)","BSCMA","1","1","1","2023-2024","2","2","","",""
"422","205GP111","ຟີຊິກສາດທົ່ວໄປ","3(2-2-5)","BSCMA","1","1","2","2023-2024","3","3","","37",""
"444","135LS102","ລາວ​ສຶກສາ2","2(2-0-4)","BSCMA","1","2","1","2023-2024","2","2","19","",""
"445","205AG111","​ເລຂາ​ວິ​ເຄາະ","3(2-2-5)","BSCMA","1","2","2","2023-2024","3","3","","",""
"446","205CA112","ແຄນ​ຄູ​ລັດ​ສ໌ 2","3(2-2-5)","BSCMA","1","2","2","2023-2024","3","3","","",""
"447","205DM112","ຄະນິດສາດເຕັມໜ່ວຍ 2","3(2-2-5)","BSCMA","1","2","2","2023-2024","3","3","","",""
"448","205ES102","ພາສາອັງກິດສໍາລັບວິທະຍາສາດ2","2(0-4-2)","BSCMA","1","2","1","2023-2024","2","2","","",""
"449","205MS211","ສະຖິຕິຄະນິດສາດ1","3(2-2-5)","BSCMA","1","2","2","2023-2024","3","3","","",""
"450","205OR121","ການວິໄຈດໍາເນີນງານ","3(2-2-5)","BSCMA","1","2","2","2023-2024","3","3","","",""
"423","205DB111","ຄວາມ​ຮູ້​ພື້ນຖານ​ກ່ຽວ​ກັບ​ຖານ​ຂໍ້​ມູນ(MS Access)","3(2-2-5)","BSCMA","2","1","2","2023-2024","3","3","20","",""
"424","205EM201","ພາສາອັງກິດສໍາລັບຄະນິດສາດ 1","2(0-4-2)","BSCMA","2","1","2","2023-2024","2","2","","",""
"425","205FI211","ຄະນິດສາດປະກັນໄພ","3(2-2-5)","BSCMA","2","1","2","2023-2024","3","3","","",""
"426","205GA111","ການບັນຊີທົ່ວໄປ","3(2-2-5)","BSCMA","2","1","2","2023-2024","3","3","","",""
"427","205LA211","ພຶດຊະຄະນິດລີເນແອ","3(2-2-5)","BSCMA","2","1","12","2023-2024","3","3","","",""
"428","205NM221","ວິທີ​ການ​ທາງ​ດ້ານ​ຈຳນວນ","3(2-2-5)","BSCMA","2","1","12","2023-2024","3","3","","",""
"429","205NT221","ທິດສະດີຈໍານວນ","3(2-2-5)","BSCMA","2","1","12","2023-2024","3","3","","40",""
"451","015ND201","ສຶກສາປ້ອງກັນຕົວ(ບໍ່ໄດ້ຈ່າຍຄ່າໜ່ວຍກິດ)","3(0-2-7)  ","BSCMA","2","2","1","2023-2024","3","3","20","",""
"452","205AN221","ວິເຄາະຄະນິດ 1","3(2-2-5)","BSCMA","2","2","12","2023-2024","3","3","","",""
"453","205DT221","ທິດສະດີການຕັດສິນໃຈທາງສະຖິຕິ","3(2-2-5)","BSCMA","2","2","12","2023-2024","3","3","","",""
"454","205EM202","ພາສາອັງກິດສໍາລັບຄະນິດສາດ 2","2(0-4-2)","BSCMA","2","2","2","2023-2024","2","2","","",""
"455","205GT221","ທິດສະດີກຣາຟ","3(2-2-5)","BSCMA","2","2","12","2023-2024","3","3","","",""
"456","205MH221","ປະຫວັດຂອງຄະນິດສາດ","3(2-2-5)","BSCMA","2","2","2","2023-2024","3","3","","",""
"457","205OD221","ສົມຜົນຈຸນລະຄະນິດສາມັນ","3(2-2-5)","BSCMA","2","2","12","2023-2024","3","3","","",""
"430","205AA321","ພຶດຊະຄະນິດນາມມະທໍາ","3(2-2-5)","BSCMA","3","1","12","2023-2024","3","3","19","",""
"431","205IS321","ຄວາມຮູ້ເບື້ອງຕົ້ນຂອງຂະບວນການສະໂຕຄາສຕິກ","3(2-2-5)","BSCMA","3","1","2","2023-2024","3","3","","",""
"432","205MA322","ວິເຄາະຄະນິດ 2","3(2-2-5)","BSCMA","3","1","12","2023-2024","3","3","","",""
"433","205PD321","ສົມຜົນຈຸນລະຄະນິດພາກສ່ວນ","3(2-2-5)","BSCMA","3","1","12","2023-2024","3","3","","",""
"434","205RM321","ວິທີການຄົ້ນຄ້ວາ  ","2(2-0-4)","BSCMA","3","1","12","2023-2024","2","2","","",""
"435","205SM321","ການນໍາໃຊ້ຊັອບແວທາງຄະນິດສາດ","2(0-4-2)","BSCMA","3","1","12","2023-2024","2","2","","",""
"436","205ST321","ທິດສະດີກຸ່ມ","3(2-2-5)","BSCMA","3","1","12","2023-2024","3","3","","39",""
"458","115HR223","ມະນຸດ​ສຳພັນ","2(2-0-4)","BSCMA","3","2","1","2023-2024","2","2","20","",""
"459","205DE321","ສົມຜົນຄວາມແຕກຕ່າງ  ","3(2-2-5)","BSCMA","3","2","12","2023-2024","3","3","","",""
"460","205EX321","ຝຶກງານ","3(0-0-9)","BSCMA","3","2","12","2023-2024","3","3","","",""
"461","205FA321","ວິເຄາະຕໍາລາ (Functional Analysis)","3(2-2-5)","BSCMA","3","2","12","2023-2024","3","3","","",""
"462","205FC321","ຕໍາລາຕົວປ່ຽນເປັນຈໍານວນສົນ","3(2-2-5)","BSCMA","3","2","12","2023-2024","3","3","","",""
"463","205IT321","ຄວາມຮູ້ເບື້ອງຕົ້ນກ່ຽວກັບໂຕໂປໂລຊີ","3(2-2-5)","BSCMA","3","2","12","2023-2024","3","3","","",""
"464","205MM321","ແບບຈໍາລອງທາງຄະນິດສາດ","3(2-2-5)","BSCMA","3","2","12","2023-2024","3","3","","",""
"437","115PO401","ວິຊາການ​ເມືອງ","2(2-0-4)","BSCMA","4","1","1","2023-2024","2","2","19","",""
"438","205CT421","ທິດສະດີລະຫັດ","3(2-2-5)","BSCMA","4","1","12","2023-2024","3","3","","",""
"439","205DG421","ເລຂາຈຸນລະຄະນິດ","3(2-2-5)","BSCMA","4","1","12","2023-2024","3","3","","",""
"440","205EM421x","ຄະນິດສາດສິ່ງແວດລ້ອມ","3(2-2-5)","BSCMA","4","1","12","2023-2024","3","3","","",""
"441","205PP421","ການວາງແຜນ ແລະ ການປະເມີນໂຄງການ","3(2-2-5)","BSCMA","4","1","12","2023-2024","3","3","","",""
"442","205QC231","ການຄວບຄຸມຄຸນນະພາບທາງສະຖິຕິ","3(2-2-5)","BSCMA","4","1","12","2023-2024","3","3","","25",""
"443","205SM421","ສໍາມະນາທາງຄະນິດສາດ","2(0-2-4)","BSCMA","4","1","12","2023-2024","2","2","","",""
"465","205FP421","ບົດໂຄງການຈົບຊັ້ນ","6(0-0-30)","BSCMA","4","2","12","2023-2024","6","6","6","",""
"466","115LS101","ລາວສຶກສາ1","2(2-0-4)","BSCMAEB","1","1","1","2023-2024","2","2","18","",""
"467","145PY101","ຈິດຕະວິທະຍາ​ທົ່ວ​ໄປ","2(2-0-4)","BSCMAEB","1","1","1","2023-2024","2","2","","",""
"468","205CA111","​ແຄລຄູ​ລັດສ໌ 1","3(2-2-5)","BSCMAEB","1","1","2","2023-2024","3","3","","",""
"469","205CF111","ຄອມພີວເຕີພື້ນຖານ","3(2-2-5)","BSCMAEB","1","1","2","2023-2024","3","3","","",""
"470","205DM111","ຄະນິດສາດເຕັມໜ່ວຍ 1","3(2-2-5)","BSCMAEB","1","1","2","2023-2024","3","3","","",""
"471","205ES101","ພາສາອັງກິດສໍາລັບວິທະຍາສາດ 1","2(0-4-2)","BSCMAEB","1","1","1","2023-2024","2","2","","",""
"472","205GA111","ການບັນຊີທົ່ວໄປ","3(2-2-5)","BSCMAEB","1","1","2","2023-2024","3","3","","36",""
"494","135LS102","ລາວ​ສຶກສາ2","2(2-0-4)","BSCMAEB","1","2","1","2023-2024","2","2","18","",""
"495","205BE121","ການເງິນທຸລະກິດ","3(2-2-5)","BSCMAEB","1","2","2","2023-2024","3","3","","",""
"496","205BU221","ສະຖິຕິທຸລະກິດ","3(2-2-5)","BSCMAEB","1","2","2","2023-2024","3","3","","",""
"497","205ES102","ພາສາອັງກິດສໍາລັບວິທະຍາສາດ2","2(0-4-2)","BSCMAEB","1","2","1","2023-2024","2","2","","",""
"498","205MI111","ເສດຖະສາດຈຸນລະພາກ","3(2-2-5)","BSCMAEB","1","2","2","2023-2024","3","3","","",""
"499","205OD221x","ສົມຜົນຈຸນລະຄະນິດສາມັນ","3(2-2-5)","BSCMAEB","1","2","2","2023-2024","3","3","","",""
"500","205SO221","ການນຳໃຊ້ຊັອບແວທາງຄະນິດສາດ","2(0-4-2)","BSCMAEB","1","2","2","2023-2024","2","2","","",""
"473","205AS221","ຄະນິດສາດປະກັນໄພ","3(2-2-5)","BSCMAEB","2","1","2","2023-2024","3","3","20","",""
"474","205DB111","ຄວາມ​ຮູ້​ພື້ນຖານ​ກ່ຽວ​ກັບ​ຖານ​ຂໍ້​ມູນ(MS Access)","3(2-2-5)","BSCMAEB","2","1","2","2023-2024","3","3","","",""
"475","205EE201","ພາສາ​ອັງກິດ​ສຳລັບ​​ເສດຖະສາດ ແລະ ບໍລິຫານທຸລະກິດ 1","2(0-4-2)","BSCMAEB","2","1","2","2023-2024","2","2","","",""
"476","205LA211","ພຶດຊະຄະນິດລີເນແອ","3(2-2-5)","BSCMAEB","2","1","2","2023-2024","3","3","","",""
"477","205MA221","ເສດຖະສາດມະຫາພາກ","3(2-2-5)","BSCMAEB","2","1","2","2023-2024","3","3","","",""
"478","205MF221","ຄະນິດສາດການເງິນ","3(2-2-5)","BSCMAEB","2","1","12","2023-2024","3","3","","",""
"479","205NM221","ວິທີ​ການ​ທາງ​ດ້ານ​ຈຳນວນ","3(2-2-5)","BSCMAEB","2","1","12","2023-2024","3","3","","40",""
"501","015ND201","ສຶກສາປ້ອງກັນຕົວ(ບໍ່ໄດ້ຈ່າຍຄ່າໜ່ວຍກິດ)","3(0-2-7)  ","BSCMAEB","2","2","1","2023-2024","3","3","20","",""
"502","205DE321","ສົມຜົນຄວາມແຕກຕ່າງ  ","3(2-2-5)","BSCMAEB","2","2","2","2023-2024","3","3","","",""
"503","205DT221","ທິດສະດີການຕັດສິນໃຈທາງສະຖິຕິ","3(2-2-5)","BSCMAEB","2","2","2","2023-2024","3","3","","",""
"504","205EE212","ພາສາ​ອັງກິດ​ສຳລັບ​​ເສດຖະສາດ ແລະ ບໍລິຫານທຸລະກິດ 2","2(0-4-2)","BSCMAEB","2","2","2","2023-2024","2","2","","",""
"505","205ME221","ຄະນິດສາດສຳລັບເສດຖະສາດ","3(2-2-5)","BSCMAEB","2","2","12","2023-2024","3","3","","",""
"506","205MK221","ການຕະຫຼາດ","3(2-2-5)","BSCMAEB","2","2","12","2023-2024","3","3","","",""
"507","205OP221","ອັອບຕີມາຍເຊຊັນ 1","3(2-2-5)","BSCMAEB","2","2","12","2023-2024","3","3","","",""
"480","205EC321","ເສດຖາມິຕິ","3(2-2-5)","BSCMAEB","3","1","12","2023-2024","3","3","20","",""
"481","205MD321","ຄະນິດສາດສຳລັບເສດຖະສາດ ແບບໄດນາມິກ","3(2-​2-5)","BSCMAEB","3","1","2","2023-2024","3","3","","",""
"482","205OP322","ອັອບຕີມາຍເຊຊັນ 2","3(2-2-5)","BSCMAEB","3","1","12","2023-2024","3","3","","",""
"483","205PM321","ການ​ບໍລິຫານ​ການ​ຜະລິດ","3(2-2-5)","BSCMAEB","3","1","12","2023-2024","3","3","","",""
"484","205RM311","ວິທີການຄົ້ນຄ້ວາ","2(2​-0-​4)","BSCMAEB","3","1","12","2023-2024","2","2","","",""
"485","205SG321","ການບໍລິຫານກົນລະຍຸດ","3(3-0-6)","BSCMAEB","3","1","12","2023-2024","3","3","","",""
"486","205ST321x","​ເຕັກນິກ​ການເລືອກຕົວຢ່າງ","3(2-2-5)","BSCMAEB","3","1","12","2023-2024","3","3","","39",""
"508","115HR223","ມະນຸດ​ສຳພັນ","2(2-0-4)","BSCMAEB","3","2","1","2023-2024","2","2","19","",""
"509","205EX321","ຝຶກງານ","3(0-0-15)","BSCMAEB","3","2","12","2023-2024","3","3","","",""
"510","205HR321","ການບໍລິຫານບຸກຄະລາກອນ","2(2-0-4)","BSCMAEB","3","2","2","2023-2024","2","2","","",""
"511","205MM321","ແບບຈໍາລອງທາງຄະນິດສາດ","3(2-2-5)","BSCMAEB","3","2","12","2023-2024","3","3","","",""
"512","205MR321","ວິໄຈການ​ຕະຫຼາດ","3(2-2-5)","BSCMAEB","3","2","12","2023-2024","3","3","","",""
"513","205OD321","ອັອບຕິມາຍເຊຊັນແບບໄດນາມິກ","3(2-2-5)","BSCMAEB","3","2","12","2023-2024","3","3","","",""
"514","205SM321x","ການ​ບໍລິຫານ​ທຸລະ​ກິດ​ຂະ​ໝາດ​ນ້ອຍ","3(2-2-5)","BSCMAEB","3","2","12","2023-2024","3","3","","",""
"487","115PO401","ວິຊາການ​ເມືອງ","2(2-0-4)","BSCMAEB","4","1","1","2023-2024","2","2","19","",""
"488","205CO421","ຄວາມຮູ້ເບື້ອງຕົ້ນກ່ຽວກັບທິດສະດີອອບຕິມາຍຄອນໂທຣນ","3(2-2-5)","BSCMAEB","4","1","12","2023-2024","3","3","","",""
"489","205PP421","ການວາງແຜນ ແລະ ການປະເມີນໂຄງການ","3(2-2-5)","BSCMAEB","4","1","12","2023-2024","3","3","","",""
"490","205QC421","ການຄວບຄຸມຄຸນນະພາບທາງສະຖິຕິ","3(2-2-5)","BSCMAEB","4","1","12","2023-2024","3","3","","",""
"491","205SA421x","ການວິເຄາະຂໍ້ມູນດ້ວຍໂປແກຣມທາງສະຖິຕິ","3(2-2-5)","BSCMAEB","4","1","12","2023-2024","3","3","","",""
"492","205SM421","ສໍາມະນາທາງຄະນິດສາດ","2(0-2-4)","BSCMAEB","4","1","12","2023-2024","2","2","","",""
"493","213DT221","ທິດສະດີການຕັດສິນໃຈ","3(2-2-5)","BSCMAEB","4","1","12","2023-2024","3","3","","25",""
"515","205FP421","ບົດໂຄງການຈົບຊັ້ນ","6(0-0-30)","BSCMAEB","4","2","12","2023-2024","6","6","6","",""
"516","115LS101","ລາວສຶກສາ1","2(2-0-4)","BSCMAST","1","1","1","2023-2024","2","2","18","",""
"517","145PY101","ຈິດຕະວິທະຍາ​ທົ່ວ​ໄປ","2(2-0-4)","BSCMAST","1","1","1","2023-2024","2","2","","",""
"518","205CA111","​ແຄລຄູ​ລັດສ໌ 1","3(2-2-5)","BSCMAST","1","1","2","2023-2024","3","3","","",""
"519","205CF111","ຄອມພີວເຕີພື້ນຖານ","3(2-2-5)","BSCMAST","1","1","2","2023-2024","3","3","","",""
"520","205DM111","ຄະນິດສາດເຕັມໜ່ວຍ 1","3(2-2-5)","BSCMAST","1","1","2","2023-2024","3","3","","",""
"521","205ES101","ພາສາອັງກິດສໍາລັບວິທະຍາສາດ 1","2(0-4-2)","BSCMAST","1","1","2","2023-2024","2","2","","",""
"522","205FS111","ສະຖິຕິ​ພື້ນຖານ","3(2-2-5)","BSCMAST","1","1","2","2023-2024","3","3","","36",""
"541","135LS102","ລາວ​ສຶກສາ2","2(2-0-4)","BSCMAST","1","2","1","2023-2024","2","2","18","",""
"542","205BU221","ສະຖິຕິທຸລະກິດ","3(2-2-5)","BSCMAST","1","2","2","2023-2024","3","3","","",""
"543","205ES102","ພາສາອັງກິດສໍາລັບວິທະຍາສາດ2","2(0-4-2)","BSCMAST","1","2","1","2023-2024","2","2","","",""
"544","205HR321","ການບໍລິຫານບຸກຄະລາກອນ","2(2-0-4)","BSCMAST","1","2","2","2023-2024","2","2","","",""
"545","205MS211","ສະຖິຕິຄະນິດສາດ1","3(2-2-5)","BSCMAST","1","2","2","2023-2024","3","3","","",""
"546","205PA211","ກະຕວງ ແລະ ສະຖິຕິນໍາໃຊ້ 1","3(2-2-5)","BSCMAST","1","2","2","2023-2024","3","3","","",""
"547","205SM221","ການນໍາໃຊ້ຊັອບແວທາງຄະນິດສາດ","3(2-2-5)","BSCMAST","1","2","2","2023-2024","3","3","","",""
"523","205DB111","ຄວາມ​ຮູ້​ພື້ນຖານ​ກ່ຽວ​ກັບ​ຖານ​ຂໍ້​ມູນ(MS Access)","3(2-2-5)","BSCMAST","2","1","2","2023-2024","3","3","20","",""
"524","205ES201","ພາສາອັງກິດສໍາລັບສະຖິຕິ 1","2(0-4-2)","BSCMAST","2","1","2","2023-2024","2","2","","",""
"525","205LA211","ພຶດຊະຄະນິດລີເນແອ","3(2-2-5)","BSCMAST","2","1","2","2023-2024","3","3","","",""
"526","205MS222","ສະຖິຕິຄະນິດສາດ 2","3(2-2-5)","BSCMAST","2","1","12","2023-2024","3","3","","",""
"527","205NM221","ວິທີ​ການ​ທາງ​ດ້ານ​ຈຳນວນ","3(2-2-5)","BSCMAST","2","1","12","2023-2024","3","3","","",""
"528","205PA222","ກະຕວງ ແລະ ສະຖິຕິນໍາໃຊ້ 2","3(2-2-5)","BSCMAST","2","1","12","2023-2024","3","3","","",""
"529","205RV221","ການວິເຄາະຣີເກຣຊັນ ແລະ ຄ່າຜັນປ່ຽນ","3(2-2-5)","BSCMAST","2","1","2","2023-2024","3","3","","40",""
"548","015ND201","ສຶກສາປ້ອງກັນຕົວ(ບໍ່ໄດ້ຈ່າຍຄ່າໜ່ວຍກິດ)","3(0-2-7)  ","BSCMAST","2","2","1","2023-2024","3","3","20","",""
"549","205DT221","ທິດສະດີການຕັດສິນໃຈທາງສະຖິຕິ","3(2-2-5)","BSCMAST","2","2","2","2023-2024","3","3","","",""
"550","205ED221","ການວາງແຜນການທົດລອງ","3(2-2-5)","BSCMAST","2","2","12","2023-2024","3","3","","",""
"551","205ES202","ພາສາອັງກິດສໍາລັບສະຖິຕິ 2","2(0-4-2)","BSCMAST","2","2","2","2023-2024","2","2","","",""
"552","205GA111","ການບັນຊີທົ່ວໄປ","3(2-2-5)","BSCMAST","2","2","12","2023-2024","3","3","","",""
"553","205OP221","ອັອບຕີມາຍເຊຊັນ 1","3(2-2-5)","BSCMAST","2","2","12","2023-2024","3","3","","",""
"554","205SA211","ການວິເຄາະຂໍ້ມູນດ້ວຍໂປຣແກຣມທາງສະຖິຕິ","3(2-2-5)","BSCMAST","2","2","12","2023-2024","3","3","","",""
"530","205DM321","ປະຊາກອນສາດ","3(2-2-5)","BSCMAST","3","1","12","2023-2024","3","3","17","",""
"531","205OP222","ອອບຕີໄມເຊຊັນ2","3(2-2-5)","BSCMAST","3","1","12","2023-2024","3","3","","",""
"532","205RM321","ວິທີການຄົ້ນຄ້ວາ  ","2(2-0-4)","BSCMAST","3","1","12","2023-2024","2","2","","",""
"533","205SI421","ການຈຳລອງທາງສະຖິຕິ","3(2-2-5)","BSCMAST","3","1","12","2023-2024","3","3","","",""
"534","205SR321","ສະຖິຕິສຳລັບການວິໄຈ","3(2-2-5)","BSCMAST","3","1","12","2023-2024","3","3","","",""
"535","205TI321","ການວິເຄາະອະນຸກົມເວລາ ແລະ ເລກດັດຊະນີ","3(2-2-5)","BSCMAST","3","1","12","2023-2024","3","3","","37",""
"555","115HR303","ມະນຸດສຳພັນ","2(2-0-4)","BSCMAST","3","2","1","2023-2024","2","2","20","",""
"556","205AS311","ຄະນິດສາດປະກັນໄພ","3(2-2-5)","BSCMAST","3","2","12","2023-2024","3","3","","",""
"557","205EX321","ຝຶກງານ","3(0-0-9)","BSCMAST","3","2","12","2023-2024","3","3","","",""
"558","205MV321","ການວິເຄາະຫຼາຍຕົວປ່ຽນ 1","3(2-2-5)","BSCMAST","3","2","12","2023-2024","3","3","","",""
"559","205NO321","ສະຖິຕິທີ່ບໍ່ໃຊ້ພາຣາມີເຕີ","3(2-2-5)","BSCMAST","3","2","12","2023-2024","3","3","","",""
"560","205QC321","ການຄວບຄຸມຄຸນນະພາບທາງສະຖິຕິ","3(2-2-5)","BSCMAST","3","2","12","2023-2024","3","3","","",""
"561","205ST321x","​ເຕັກນິກ​ການເລືອກຕົວຢ່າງ","3(2-2-5)","BSCMAST","3","2","12","2023-2024","3","3","","",""
"536","115PO101","ວິຊາການເມືອງ","2(2-0-4)","BSCMAST","4","1","1","2023-2024","2","2","13","",""
"537","205BE431","ການເງິນທຸລະກິດ","3(2-2-5)","BSCMAST","4","1","12","2023-2024","3","3","","",""
"538","205LM421","ຕົວແບບລີເນແອ","3(2-2-5)","BSCMAST","4","1","12","2023-2024","3","3","","",""
"539","205MV421","ການວິເຄາະຫຼາຍຕົວປ່ຽນ 2","3(2-2-5)","BSCMAST","4","1","12","2023-2024","3","3","","",""
"540","205SE421","ສຳມະນາ","2(2-0-4)","BSCMAST","4","1","12","2023-2024","2","2","","19",""
"562","205FP421","ບົດໂຄງການຈົບຊັ້ນ","6(0-0-30)","BSCMAST","4","2","12","2023-2024","6","6","6","",""
"563","115LS101","ລາວສຶກສາ1","2(2-0-4)","BSCPH","1","1","1","2023-2024","2","2","17","",""
"564","145PY101","ຈິດຕະວິທະຍາ​ທົ່ວ​ໄປ","2(2-0-4)","BSCPH","1","1","1","2023-2024","2","2","","",""
"565","205CA111","​ແຄລຄູ​ລັດສ໌ 1","3(2-2-5)","BSCPH","1","1","2","2023-2024","3","3","","",""
"566","205CH111","ເຄມີສາດ 1","3(3-0-6)","BSCPH","1","1","2","2023-2024","3","3","","",""
"567","205CL111","ທົດລອງເຄມີສາດ 1","1(0-3-1)","BSCPH","1","1","2","2023-2024","1","1","","",""
"568","205ES101","ພາສາອັງກິດສໍາລັບວິທະຍາສາດ 1","2(0-4-2)","BSCPH","1","1","1","2023-2024","2","2","","",""
"569","205PH111","ຟີ​ຊິກ​ສາດ1","3(2-2-5)","BSCPH","1","1","2","2023-2024","3","3","","",""
"570","205PL111","ທົດລອງຟີຊິກສາດ 1","1(0-2-1)","BSCPH","1","1","2","2023-2024","1","1","","35",""
"592","135LS102","ລາວ​ສຶກສາ2","2(2-0-4)","BSCPH","1","2","2","2023-2024","2","2","18","",""
"593","205CA112","ແຄນ​ຄູ​ລັດ​ສ໌ 2","3(2-2-5)","BSCPH","1","2","2","2023-2024","3","3","","",""
"594","205CF111","ຄອມພີວເຕີພື້ນຖານ","3(2-2-5)","BSCPH","1","2","2","2023-2024","3","3","","",""
"595","205CH112","​ເຄມີ​ສາດ2","3(3-0-6)","BSCPH","1","2","2","2023-2024","3","3","","",""
"596","205CL112","ທົດ​ລອງ​ເຄມີ​ສາດ2","1(0-2-1)","BSCPH","1","2","2","2023-2024","1","1","","",""
"597","205ES102","ພາສາອັງກິດສໍາລັບວິທະຍາສາດ2","2(0-4-2)","BSCPH","1","2","2","2023-2024","2","2","","",""
"598","205PH112","ຟີ​ຊິກ​ສາດ2","3(3-0-6)","BSCPH","1","2","2","2023-2024","3","3","","",""
"599","205PL112","ທົດ​ລອງ​ຟີ​ຊິກ​ສາດ2","1(0-2-1)","BSCPH","1","2","2","2023-2024","1","1","","",""
"571","205EC221","ໄຟຟ້າ 1","3(2-2-5)","BSCPH","2","1","2","2023-2024","3","3","18","",""
"572","205EP211","ພາສາອັງກິດສຳລັບຟີຊິກ 1","2(0-4-2)","BSCPH","2","1","2","2023-2024","2","2","","",""
"573","205FS111","ສະຖິຕິ​ພື້ນຖານ","3(2-2-5)","BSCPH","2","1","2","2023-2024","3","3","","",""
"574","205ME221x","ກົນລະສາດ 1","3(2-2-5)","BSCPH","2","1","12","2023-2024","3","3","","",""
"575","205ML221","ທົດລອງກົນລະສາດ ແລະ ຄວາມຮ້ອນ","2(0-4-2)","BSCPH","2","1","12","2023-2024","2","2","","",""
"576","205PP211","ໂປຣແກຣມສໍຳລັບຟີຊິກ 1","2(1-2-3)","BSCPH","2","1","2","2023-2024","2","2","","",""
"577","205TM221","ຄວາມຮ້ອນ ແລະ ທິດສະດີເດີນເຄື່ອນ","3(2-2-5)","BSCPH","2","1","12","2023-2024","3","3","","39",""
"600","015ND201","ສຶກສາປ້ອງກັນຕົວ(ບໍ່ໄດ້ຈ່າຍຄ່າໜ່ວຍກິດ)","3(0-2-7)  ","BSCPH","2","2","1","2023-2024","3","3","21","",""
"601","205AL221x","ທົດລອງຟີຊິກອາຕອມ","1(0-2-1)","BSCPH","2","2","12","2023-2024","1","1","","",""
"602","205AP221x","ຟີຊິກອາຕອມ","3(2-2-5)","BSCPH","2","2","12","2023-2024","3","3","","",""
"603","205EL221","ທົດລອງອີເລັກໂຕຣນິກ 1","1(0-2-1)","BSCPH","2","2","12","2023-2024","1","1","","",""
"604","205EP212","ພາສາອັງກິດສຳລັບຟີຊິກ 2","2(0-4-2)","BSCPH","2","2","2","2023-2024","2","2","","",""
"605","205ET221","ອີເລັກໂຕຣນິກ 1","3(2-2-5)","BSCPH","2","2","12","2023-2024","3","3","","",""
"606","205MP211","ຄະນິດສາດສໍາລັບຟີຊິກ","3(2-2-5)","BSCPH","2","2","2","2023-2024","3","3","","",""
"607","205PP212","ໂປຣແກຣມສໍຳລັບຟີຊິກ 2","2(1-2-3)","BSCPH","2","2","2","2023-2024","2","2","","",""
"608","205SE221","ທາດເຄິ່ງຊັກນໍາ","3(2-2-5)","BSCPH","2","2","12","2023-2024","3","3","","",""
"578","205EL322","ທົດລອງອີເລັກໂຕຣນິກ 2","1(0-3-1)","BSCPH","3","1","12","2023-2024","1","1","17","",""
"579","205EM321x","ໄຟຟ້າແມ່ເຫຼັກ 1","3(2-2-5)","BSCPH","3","1","12","2023-2024","3","3","","",""
"580","205ET322","ອີເລັກໂຕຣນິກ 2","3(2-2-5)","BSCPH","3","1","12","2023-2024","3","3","","",""
"581","205OL321","ທົດລອງຟີຊິກແສງສະຫວ່າງ-ໄຟຟ້າແມ່ເຫຼັກ","2(0-4-2)","BSCPH","3","1","12","2023-2024","2","2","","",""
"582","205OP321","ຟີຊິກແສງສະຫວ່າງ","3(2-2-5)","BSCPH","3","1","12","2023-2024","3","3","","",""
"583","205QM321","ກົນລະສາດຄວານຕັມ","3(2-2-5)","BSCPH","3","1","12","2023-2024","3","3","","",""
"584","205RP311","ວິທີການຄົ້ນຄວ້າ","2(2-0-4)","BSCPH","3","1","12","2023-2024","2","2","","34",""
"609","115HR223","ມະນຸດ​ສຳພັນ","2(2-0-4)","BSCPH","3","2","1","2023-2024","2","2","17","",""
"610","205EM322","​ໄຟຟ້າແມ່ເຫຼັກ 2  ","3(2-2-5)","BSCPH","3","2","12","2023-2024","3","3","","",""
"611","205NP321","ຟີຊິກນິວເຄລຍ","3(2-2-5)","BSCPH","3","2","12","2023-2024","3","3","","",""
"612","205PE321x","ຟີຊິກພະລັງງານ","3(2-2-5)","BSCPH","3","2","12","2023-2024","3","3","","",""
"613","205SC321x","ໂຊລາເຊລ","3(2-2-5)","BSCPH","3","2","12","2023-2024","3","3","","",""
"614","205SL321","ຟີຊິກວັດຖຸແຂງ","3(2-2-5)","BSCPH","3","2","12","2023-2024","3","3","","",""
"585","115PO401","ວິຊາການ​ເມືອງ","2(2-0-4)","BSCPH","4","1","1","2023-2024","2","2","19","",""
"587","205AS421","ດາລາສາດ  (Astronomy)","3(2-2-5)","BSCPH","4","1","12","2023-2024","3","3","","",""
"588","205EP421","ຟີຊິກສິ່ງແວດລ້ອມ","3(2-2-5)","BSCPH","4","1","12","2023-2024","3","3","","",""
"589","205RE422","ພະລັງງານທົດແທນ","3(2-2-5)","BSCPH","4","1","12","2023-2024","3","3","","",""
"590","205SP421","ສໍາມະນາ","2(1-2-3)","BSCPH","4","1","12","2023-2024","2","2","","",""
"591","205SP421x","ຟີຊິກສະຖິຕິ","3(2-2-5)","BSCPH","4","1","12","2023-2024","3","3","","28",""
"","205MI221","ແຮ່ສາດ-ສີລາສາດ","3(2-2-5)","BSCPH","4","1","12","2023-2025","3","3","","",""
"615","205FP421","ບົດໂຄງການຈົບຊັ້ນ","6(0-0-30)","BSCPH","4","2","12","2023-2024","6","6","9","",""
"616","205TR421","ລົງເຝິກງານ","3(0-0-9)","BSCPH","4","2","12","2023-2024","3","3","","",""
"617","115LS101","ລາວສຶກສາ1","2(2-0-4)","BSCPHGO","1","1","1","2023-2024","2","2","17","",""
"618","145PY101","ຈິດຕະວິທະຍາ​ທົ່ວ​ໄປ","2(2-0-4)","BSCPHGO","1","1","1","2023-2024","2","2","","",""
"619","205CA111","​ແຄລຄູ​ລັດສ໌ 1","3(2-2-5)","BSCPHGO","1","1","2","2023-2024","3","3","","",""
"620","205CH111","ເຄມີສາດ 1","3(3-0-6)","BSCPHGO","1","1","2","2023-2024","3","3","","",""
"621","205CL111","ທົດລອງເຄມີສາດ 1","1(0-3-1)","BSCPHGO","1","1","2","2023-2024","1","1","","",""
"622","205ES101","ພາສາອັງກິດສໍາລັບວິທະຍາສາດ 1","2(0-4-2)","BSCPHGO","1","1","1","2023-2024","2","2","","",""
"623","205PH111","ຟີ​ຊິກ​ສາດ1","3(2-2-5)","BSCPHGO","1","1","2","2023-2024","3","3","","",""
"624","205PL111","ທົດລອງຟີຊິກສາດ 1","1(0-2-1)","BSCPHGO","1","1","2","2023-2024","1","1","","35",""
"647","135LS102","ລາວ​ສຶກສາ2","2(2-0-4)","BSCPHGO","1","2","1","2023-2024","2","2","18","",""
"648","205CA112","ແຄນ​ຄູ​ລັດ​ສ໌ 2","3(2-2-5)","BSCPHGO","1","2","2","2023-2024","3","3","","",""
"649","205CF111","ຄອມພີວເຕີພື້ນຖານ","3(2-2-5)","BSCPHGO","1","2","2","2023-2024","3","3","","",""
"650","205CH112","​ເຄມີ​ສາດ2","3(3-0-6)","BSCPHGO","1","2","2","2023-2024","3","3","","",""
"651","205CL112","ທົດ​ລອງ​ເຄມີ​ສາດ2","1(0-2-1)","BSCPHGO","1","2","2","2023-2024","1","1","","",""
"652","205ES102","ພາສາອັງກິດສໍາລັບວິທະຍາສາດ2","2(0-4-2)","BSCPHGO","1","2","1","2023-2024","2","2","","",""
"653","205PH112","ຟີ​ຊິກ​ສາດ2","3(3-0-6)","BSCPHGO","1","2","2","2023-2024","3","3","","",""
"654","205PL112","ທົດ​ລອງ​ຟີ​ຊິກ​ສາດ2","1(0-2-1)","BSCPHGO","1","2","2","2023-2024","1","1","","",""
"625","205EP211","ພາສາອັງກິດສຳລັບຟີຊິກ 1","2(0-4-2)","BSCPHGO","2","1","2","2023-2024","2","2","20","",""
"626","205FS111","ສະຖິຕິ​ພື້ນຖານ","3(2-2-5)","BSCPHGO","2","1","2","2023-2024","3","3","","",""
"627","205GG211","ທໍລະນີວິທະຍາທົ່ວໄປ","3(2-2-5)","BSCPHGO","2","1","12","2023-2024","3","3","","",""
"628","205GP221","ການສຳຫຼວດດ້ານທົ່ງດຶງດູດ","3(2-2-5)","BSCPHGO","2","1","12","2023-2024","3","3","","",""
"629","205MI221x","ແຮ່ສາດ-ສີລາສາດ","3(2-2-5)","BSCPHGO","2","1","2","2023-2024","3","3","","",""
"630","205MP211","ຄະນິດສາດສໍາລັບຟີຊິກ","3(2-2-5)","BSCPHGO","2","1","2","2023-2024","3","3","","",""
"631","205MP221","ການສຳຫຼວດດ້ານທົ່ງແມ່ເຫຼັກ","3(2-2-5)","BSCPHGO","2","1","2","2023-2024","3","3","","39",""
"655","015ND201","ສຶກສາປ້ອງກັນຕົວ(ບໍ່ໄດ້ຈ່າຍຄ່າໜ່ວຍກິດ)","3(0-2-7)  ","BSCPHGO","2","2","1","2023-2024","3","3","19","",""
"656","205EP212","ພາສາອັງກິດສຳລັບຟີຊິກ 2","2(0-4-2)","BSCPHGO","2","2","2","2023-2024","2","2","","",""
"657","205EP221","ການສຳຫຼວດທໍລະນີໄຟຟ້າ","3(2-2-5)","BSCPHGO","2","2","12","2023-2024","3","3","","",""
"658","205GM211","ການສ້າງແຜນທີ່ທໍລະນີວິທະຍາ","1(0-2-1) ","BSCPHGO","2","2","12","2023-2024","1","1","","",""
"659","205HG221","ອຸທົກທໍລະນີວິທະຍາ","3(2-2-5)","BSCPHGO","2","2","12","2023-2024","3","3","","",""
"660","205MD221","ການປະມວນຜົນຂໍ້ມູນການສໍາຫຼວດທົ່ງແມ່ເຫຼັກ","1(0-2-1) ","BSCPHGO","2","2","12","2023-2024","1","1","","",""
"661","205SG221","ໂຄງສ້າງທໍລະນີວິທະຍາ","3(2-2-5)","BSCPHGO","2","2","12","2023-2024","3","3","","",""
"662","205SR221","ການສຳຫຼວດຄື້ນສັ່ນສະເທືອນແບບຫັກ","3(2-2-5)","BSCPHGO","2","2","12","2023-2024","3","3","","",""
"632","205DP321","ທໍລະນີເດີນເຄື່ອນ ແລະ ແມ່ເຫຼັກດຶກດຳບັນ","3(3-0-6)","BSCPHGO","3","1","12","2023-2024","3","3","19","",""
"633","205ED321","ການປະມວນຜົນຂໍ້ມູນການສຳຫຼວດທໍລະນີໄຟຟ້າ","1(0-2-1)","BSCPHGO","3","1","12","2023-2024","1","1","","",""
"634","205EM321xx","ການສຳຫຼວດດ້ານໄຟຟ້າແມ່ເຫຼັກ 1","3(2-2-5)","BSCPHGO","3","1","12","2023-2024","3","3","","",""
"635","205RP311","ວິທີການຄົ້ນຄວ້າ","2(2-0-4)","BSCPHGO","3","1","12","2023-2024","2","2","","",""
"636","205RP321","ການສຳຫຼວດດ້ານກຳມັນຕະພາບລັງສີ","3(2-2-5)","BSCPHGO","3","1","12","2023-2024","3","3","","",""
"637","205SP321x","ການສຳຫຼວດຄື້້ນສັ່່ນສະເທືອນແບບສະທ້ອນ","3(2-2-5)","BSCPHGO","3","1","12","2023-2024","3","3","","",""
"638","205SR311","ຄວາມປອດໄພ ແລະ ການບໍລິຫານຄວາມສ່ຽງ","1(0-2-1)","BSCPHGO","3","1","12","2023-2024","1","1","","",""
"639","205SV321","ພື້້ນຖານການການວັດແທກ","3(2-2-5)","BSCPHGO","3","1","2","2023-2024","3","3","","36",""
"663","115HR303","ມະນຸດສຳພັນ","2(2-0-4)","BSCPHGO","3","2","1","2023-2024","2","2","17","",""
"664","205EM322x","ການສຳຫຼວດດ້ານໄຟຟ້າແມ່ເຫຼັກ 2","3(2-2-5)","BSCPHGO","3","2","12","2023-2024","3","3","","",""
"665","205FW321x","ທໍລະນີຟີຊິກພາກສະໜາມ","1(0-2-1)","BSCPHGO","3","2","12","2023-2024","1","1","","",""
"666","205GI321","ລະບົບການຈັດການຂໍ້ມູນຂ່າວສານພູມິສາດ","3(2-2-5)","BSCPHGO","3","2","12","2023-2024","3","3","","",""
"667","205GL321","ຮູເຈາະທໍລະນີຟີຊິກ","3(3-0-6)","BSCPHGO","3","2","12","2023-2024","3","3","","",""
"668","205LM321","ກົດໝາຍວ່າດ້ແຮ່ທາດ","2(2-0-4)","BSCPHGO","3","2","12","2023-2024","2","2","","",""
"669","205SM321xx","ແຜ່ນດິນໄຫວວິທະຍາ","3(2-2-5)","BSCPHGO","3","2","12","2023-2024","3","3","","",""
"672","115LS101","ລາວສຶກສາ1","2(2-0-4)","BSCPHMR","1","1","1","2023-2024","2","2","17","",""
"673","145PY101","ຈິດຕະວິທະຍາ​ທົ່ວ​ໄປ","2(2-0-4)","BSCPHMR","1","1","1","2023-2024","2","2","","",""
"674","205CA111","​ແຄລຄູ​ລັດສ໌ 1","3(2-2-5)","BSCPHMR","1","1","2","2023-2024","3","3","","",""
"675","205CH111","ເຄມີສາດ 1","3(3-0-6)","BSCPHMR","1","1","2","2023-2024","3","3","","",""
"676","205CL111","ທົດລອງເຄມີສາດ 1","1(0-3-1)","BSCPHMR","1","1","2","2023-2024","1","1","","",""
"677","205ES101","ພາສາອັງກິດສໍາລັບວິທະຍາສາດ 1","2(0-4-2)","BSCPHMR","1","1","2","2023-2024","2","2","","",""
"678","205PH111","ຟີ​ຊິກ​ສາດ1","3(2-2-5)","BSCPHMR","1","1","2","2023-2024","3","3","","",""
"679","205PL111","ທົດລອງຟີຊິກສາດ 1","1(0-2-1)","BSCPHMR","1","1","2","2023-2024","1","1","","35",""
"699","135LS102","ລາວ​ສຶກສາ2","2(2-0-4)","BSCPHMR","1","2","1","2023-2024","2","2","18","",""
"700","205CA112","ແຄນ​ຄູ​ລັດ​ສ໌ 2","3(2-2-5)","BSCPHMR","1","2","2","2023-2024","3","3","","",""
"701","205CF111","ຄອມພີວເຕີພື້ນຖານ","3(2-2-5)","BSCPHMR","1","2","2","2023-2024","3","3","","",""
"702","205CH112","​ເຄມີ​ສາດ2","3(3-0-6)","BSCPHMR","1","2","2","2023-2024","3","3","","",""
"703","205CL112","ທົດ​ລອງ​ເຄມີ​ສາດ2","1(0-2-1)","BSCPHMR","1","2","2","2023-2024","1","1","","",""
"704","205ES102","ພາສາອັງກິດສໍາລັບວິທະຍາສາດ2","2(0-4-2)","BSCPHMR","1","2","1","2023-2024","2","2","","",""
"705","205PH112","ຟີ​ຊິກ​ສາດ2","3(3-0-6)","BSCPHMR","1","2","2","2023-2024","3","3","","",""
"706","205PL112","ທົດ​ລອງ​ຟີ​ຊິກ​ສາດ2","1(0-2-1)","BSCPHMR","1","2","2","2023-2024","1","1","","",""
"680","205EP211","ພາສາອັງກິດສຳລັບຟີຊິກ 1","2(0-4-2)","BSCPHMR","2","1","2","2023-2024","2","2","20","",""
"681","205IM221x","ວັດສະດຸສາດເບື້ອງຕົ້ນ","3(2-2-5)","BSCPHMR","2","1","2","2023-2024","3","3","","",""
"682","205ME221xxx","ກົນລະສາດ1","3(2-2-5)","BSCPHMR","2","1","12","2023-2024","3","3","","",""
"683","205ML221x","ທົດລອງວັດສະດຸສາດ1","1(0-3-1)","BSCPHMR","2","1","12","2023-2024","1","1","","",""
"684","205MP211","ຄະນິດສາດສໍາລັບຟີຊິກ","3(2-2-5)","BSCPHMR","2","1","2","2023-2024","3","3","","",""
"685","205MP221x","ຄຸນສົມບັດກົນລະສາດ ຂອງວັດສະດຸ","3(2-2-5)","BSCPHMR","2","1","12","2023-2024","3","3","","",""
"686","205PP211","ໂປຣແກຣມສໍຳລັບຟີຊິກ 1","2(1-2-3)","BSCPHMR","2","1","2","2023-2024","2","2","","",""
"687","205SL221x","ຟີຊິກວັດຖຸແຂງ","3(2-2-5)","BSCPHMR","2","1","12","2023-2024","3","3","","40",""
"707","205EM223x","ຄຸນສົມບັດໄຟຟ້າ, ແມ່ເຫຼັກ ແລະ ແສງຂອງວັດສະດຸ","3(2-2-5)","BSCPHMR","2","2","2","2023-2024","3","3","20","",""
"708","205EM321xxx","ໄຟຟ້າແມ່ເຫຼັກ1","3(2-2-5)","BSCPHMR","2","2","12","2023-2024","3","3","","",""
"709","205EP212","ພາສາອັງກິດສຳລັບຟີຊິກ 2","2(0-4-2)","BSCPHMR","2","2","2","2023-2024","2","2","","",""
"710","205ET221","ອີເລັກໂຕຣນິກ 1","3(2-2-5)","BSCPHMR","2","2","12","2023-2024","3","3","","",""
"711","205ML222x","ທົດລອງວັດສະດຸສາດ2","1(0-3-1)","BSCPHMR","2","2","12","2023-2024","1","1","","",""
"712","205ND201","ສຶກສາປ້ອງກັນຕົວ","3(0-2-7)","BSCPHMR","2","2","1","2023-2024","3","3","","",""
"713","205PP212","ໂປຣແກຣມສໍຳລັບຟີຊິກ 2","2(1-2-3)","BSCPHMR","2","2","2","2023-2024","2","2","","",""
"714","205TM221x","ຄວາມຮ້ອນເດີນເຄື່ອນຂອງວັດສະດຸ","3(2-2-5)","BSCPHMR","2","2","12","2023-2024","3","3","","",""
"689","205AP321x","ຟີຊິກອາຕອມ","3(2-2-5)","BSCPHMR","3","1","12","2023-2024","3","3","20","",""
"690","205CP321","ວັດສະດຸປະສົມ","3(2-2-5)","BSCPHMR","3","1","12","2023-2024","3","3","","",""
"691","205EP321","ຄວາມສົມດຸນທາງເຟສຂອງວັດສະດຸ","3(2-2-5)","BSCPHMR","3","1","12","2023-2024","3","3","","",""
"692","205IC321","ເຊຣາມິກເບື້ອງຕົ້ນ","3(2-2-5)","BSCPHMR","3","1","12","2023-2024","3","3","","",""
"693","205MA321","ໂລຫະ ແລະ ໂລຫະປະສົມ","3(2-2-5)","BSCPHMR","3","1","12","2023-2024","3","3","","",""
"694","205PS321","ວິທະຍາສາດໂພລີເມີ ແລະ ຂະບວນການຜະລິດ","3(2-2-5)","BSCPHMR","3","1","12","2023-2024","3","3","","",""
"695","205RP311","ວິທີການຄົ້ນຄວ້າ","2(2-0-4)","BSCPHMR","3","1","12","2023-2024","2","2","","39",""
"715","205CG321x","ເຄືອບເຊຣາມິກ","3(2-2-5)","BSCPHMR","3","2","12","2023-2024","3","3","19","",""
"688","115HR303","ມະນຸດສຳພັນ","2(2-0-4)","BSCPHMR","3","1","1","2023-2024","2","2","","",""
"716","205GT321","ເຕັກໂນໂລຊີແກ້ວ","3(2-2-5)","BSCPHMR","3","2","12","2023-2024","3","3","","",""
"717","205OP321","ຟີຊິກແສງສະຫວ່າງ","3(2-2-5)","BSCPHMR","3","2","12","2023-2024","3","3","","",""
"718","205RM321xx","ການໝູນວຽນໃຊ້ວັດສະດຸ","3(2-2-5)","BSCPHMR","3","2","12","2023-2024","3","3","","",""
"719","205RT321","ເຕັກໂນໂລຊີຢາງ","3(2-2-5)","BSCPHMR","3","2","12","2023-2024","3","3","","",""
"720","205SP321xx","ສຳມະນາ","2(1-2-3)","BSCPHMR","3","2","12","2023-2024","2","2","","",""
"696","115PO401","ວິຊາການ​ເມືອງ","2(2-0-4)","BSCPHMR","4","1","1","2023-2024","2","2","14","",""
"","205EE421","ພະລັງງານທາງສິ່ງແວດລ້ອມ","3(3-0-6)","BSCPHMR","4","1","12","2023-2024","3","3","","",""
"","205QM3211","ກົນລະສາດຄວານຕັມ","3(2-2-5)","BSCPHMR","4","1","12","2023-2024","3","3","","",""
"","205NM421","ວັດສະດຸນາໂນ","3(2-2-5)","BSCPHMR","4","1","12","2023-2024","3","3","","",""
"","205MI221x","ແຮ່ສາດ-ສີລາສາດ","3(2-2-5)","BSCPHMR","4","1","12","2023-2024","3","3","","23",""
"697","205FP421","ບົດໂຄງການຈົບຊັ້ນ","6(0-0-30)","BSCPHMR","4","2","12","2023-2024","6","6","9","",""
"698","205TR421","ລົງເຝິກງານ","3(0-0-9)","BSCPHMR","4","2","12","2023-2024","3","3","","",""
"721","115LS101","ລາວສຶກສາ1","2(2-0-4)","BSCPHNC","1","1","1","2023-2024","2","2","17","",""
"722","145PY101","ຈິດຕະວິທະຍາ​ທົ່ວ​ໄປ","2(2-0-4)","BSCPHNC","1","1","1","2023-2024","2","2","","",""
"723","205CA111","​ແຄລຄູ​ລັດສ໌ 1","3(2-2-5)","BSCPHNC","1","1","2","2023-2024","3","3","","",""
"724","205CH111","ເຄມີສາດ 1","3(3-0-6)","BSCPHNC","1","1","2","2023-2024","3","3","","",""
"725","205CL111","ທົດລອງເຄມີສາດ 1","1(0-3-1)","BSCPHNC","1","1","2","2023-2024","1","1","","",""
"726","205ES101","ພາສາອັງກິດສໍາລັບວິທະຍາສາດ 1","2(0-4-2)","BSCPHNC","1","1","1","2023-2024","2","2","","",""
"727","205PH111","ຟີ​ຊິກ​ສາດ1","3(2-2-5)","BSCPHNC","1","1","2","2023-2024","3","3","","",""
"728","205PL111","ທົດລອງຟີຊິກສາດ 1","1(0-2-1)","BSCPHNC","1","1","2","2023-2024","1","1","","35",""
"751","135LS102","ລາວ​ສຶກສາ2","2(2-0-4)","BSCPHNC","1","2","1","2023-2024","2","2","18","",""
"752","205CA112","ແຄນ​ຄູ​ລັດ​ສ໌ 2","3(2-2-5)","BSCPHNC","1","2","2","2023-2024","3","3","","",""
"753","205CF111","ຄອມພີວເຕີພື້ນຖານ","3(2-2-5)","BSCPHNC","1","2","2","2023-2024","3","3","","",""
"754","205CH112","​ເຄມີ​ສາດ2","3(3-0-6)","BSCPHNC","1","2","2","2023-2024","3","3","","",""
"755","205CL112","ທົດ​ລອງ​ເຄມີ​ສາດ2","1(0-2-1)","BSCPHNC","1","2","2","2023-2024","1","1","","",""
"756","205ES102","ພາສາອັງກິດສໍາລັບວິທະຍາສາດ2","2(0-4-2)","BSCPHNC","1","2","1","2023-2024","2","2","","",""
"757","205PH112","ຟີ​ຊິກ​ສາດ2","3(3-0-6)","BSCPHNC","1","2","2","2023-2024","3","3","","",""
"758","205PL112","ທົດ​ລອງ​ຟີ​ຊິກ​ສາດ2","1(0-2-1)","BSCPHNC","1","2","2","2023-2024","1","1","","",""
"729","205EP211","ພາສາອັງກິດສໍາລັບຟີຊິກ 1","2(0-4-2)","BSCPHNC","2","1","2","2023-2024","2","2","16","",""
"730","205ME221x1","ອີເລກໂທຣນິກ ","3(2-2-5)","BSCPHNC","2","1","2","2023-2024","3","3","","",""
"731","221MP211","ຄະນິດສາດສໍາລັບຟີຊິກ","3(2-2-0)","BSCPHNC","2","1","2","2023-2024","3","3","","",""
"732","221NC222","ວິທະຍາສາດນິວເຄຼຍເບື້ອງຕົ້ນ","3(2-2-0)","BSCPHNC","2","1","2","2023-2024","3","3","","",""
"733","205NP221x"," ຟີຊີກນິວເຄລຍ ","3(2-2-5)","BSCPHNC","2","1","12","2023-2024","3","3","","",""
"734","205PP211","ໂປຣແກຣມສຳລັບຟິຊິກ1 ","2(1-2-3)","BSCPHNC","2","1","2","2023-2024","2","2","","",""
"759","205EP212","ພາສາອັງກິດສໍາລັບຟີຊິກ 2 ","2(0-4-2)","BSCPHNC","2","2","2","2023-2024","2","2","15","31",""
"760","205RH221","ຟີຊີກລັງສີ","3(3-0-6)","BSCPHNC","2","2","12","2023-2024","3","3","","",""
"761","205ML221xx"," ທົດລອງອີເລກໂທຣນິກ","1(0-3-1)","BSCPHNC","2","2","12","2023-2024","1","1","","",""
"762","205AP221x","ຟີຊິກອາຕອມ","3(2-2-5)","BSCPHNC","2","2","12","2023-2024","3","3","","",""
"763","205AL221x","ທົດລອງຟີຊິກອາຕອມ","1(0-3-1)","BSCPHNC","2","2","12","2023-2024","1","1","","",""
"764","205PP212","ໂປຣແກຣມສຳລັບຟິຊິກ2 ","2(1-2-3)","BSCPHNC","2","2","2","2023-2024","2","2","","",""
"765","205ND201","ສຶກສາປ້ອງກັນຕົວ","3(0-6-3)","BSCPHNC","2","2","1","2023-2024","3","3","","",""
